tube_assembly_id,diameter,wall,length,num_bends,bend_radius,cost
TA-00002,6.35,0.71,137,8,19.05,21.9059330191461
TA-00004,6.35,0.71,137,9,19.05,21.9727024365273
TA-00005,19.05,1.24,109,4,50.8,28.3742203279491
TA-00012,6.35,0.71,207,7,19.05,22.4150498266777
TA-00014,12.7,0.89,96,4,38.1,21.9949589089877
TA-00024,9.52,0.71,99,2,31.75,20.9349944080613
TA-00025,9.52,0.71,65,3,31.75,20.7819811598961
TA-00056,15.88,1.65,128,5,38.1,28.646862115589
TA-00061,6.35,0.71,107,3,19.05,21.3217006170607
TA-00076,6.35,0.71,218,7,19.05,22.5068577755769
TA-00078,6.35,0.71,133,4,19.05,21.6054706409308
TA-00080,6.35,0.71,125,4,19.05,21.5387012235496
TA-00082,6.35,0.71,103,6,19.05,21.4914062195712
TA-00083,6.35,0.71,103,6,19.05,21.4914062195712
TA-00084,6.35,0.71,132,4,19.05,21.5971244637581
TA-00085,6.35,0.71,128,4,19.05,21.5637397550675
TA-00086,6.35,0.71,83,4,19.05,21.1909438413559
TA-00087,6.35,0.71,86,4,19.05,21.2159823728738
TA-00091,6.35,0.71,125,4,19.05,21.5387012235496
TA-00092,6.35,0.71,129,4,19.05,21.5720859322402
TA-00093,6.35,0.71,132,4,19.05,21.5971244637581
TA-00096,6.35,0.71,106,4,19.05,21.3801238572692
TA-00119,9.52,0.89,68,3,31.75,21.6555477039667
TA-00120,9.52,0.89,43,2,31.75,21.4663676880533
TA-00121,9.52,0.89,43,2,31.75,21.4663676880533
TA-00123,19.05,1.24,159,3,38.1,28.5244515170568
TA-00125,25.4,2.41,44,2,63.5,28.5717465210351
TA-00130,6.35,0.89,149,4,38.1,14.1551164848127
TA-00132,19.05,2.11,72,2,38.1,28.2351173750716
TA-00145,6.35,0.71,180,4,19.05,21.9921768499302
TA-00147,6.35,0.71,189,4,19.05,22.067292444484
TA-00148,6.35,0.71,144,6,19.05,21.8280353655347
TA-00149,6.35,0.71,144,5,19.05,21.7612659481535
TA-00150,6.35,0.71,144,6,19.05,21.8280353655347
TA-00153,9.52,1.24,29,3,31.75,21.4747138652259
TA-00161,9.52,1.24,58,3,31.75,21.6277271133912
TA-00175,12.7,1.24,35,3,38.1,30.7028037591182
TA-00190,6.35,0.71,70,7,19.05,21.2855338493126
TA-00222,9.52,0.89,24,1,31.75,21.3077903217729
TA-00264,6.35,0.71,108,5,19.05,21.4635856289957
TA-00270,15.88,1.65,95,5,38.1,28.4159512138124
TA-00293,9.52,0.89,73,3,19.05,27.8595394023024
TA-00294,9.52,0.89,82,3,19.05,27.9040523472232
TA-00296,9.52,0.89,60,2,31.75,21.5498294597798
TA-00297,9.52,0.89,16,1,19.05,21.2688414949673
TA-00312,9.52,0.89,18,1,31.75,21.2799697311975
TA-00314,9.52,0.89,102,7,31.75,28.2685020837622
TA-00315,9.52,0.89,106,7,31.75,28.2879764971651
TA-00334,12.7,1.24,28,2,25.4,21.4635856289957
TA-00335,12.7,1.24,79,5,25.4,21.9615742002971
TA-00338,9.52,1.24,58,6,19.05,21.8280353655347
TA-00370,6.35,0.89,91,7,12.7,22.1396259799803
TA-00386,6.35,0.89,26,2,19.05,21.4162906250174
TA-00393,66.7,7.9,188,2,177.8,161.946439799024
TA-00440,25.4,2.41,129,4,50.8,29.4981721871992
TA-00441,25.4,2.41,113,4,63.5,23.408244910223
TA-00458,25.4,1.65,27,1,63.5,21.7640480072111
TA-00461,25.4,1.65,40,2,63.5,21.9114971372612
TA-00463,25.4,1.65,190,6,63.5,18.9402580637982
TA-00471,9.52,0.89,54,3,19.05,21.5887782865855
TA-00472,9.52,0.89,29,3,19.05,21.4663676880533
TA-00488,15.88,1.65,142,6,38.1,28.8110035999844
TA-00489,15.88,1.65,104,5,38.1,28.479938572136
TA-00492,15.88,1.65,221,10,38.1,29.6344930810191
TA-00493,15.88,1.65,185,9,38.1,29.3145562894009
TA-00494,15.88,1.65,214,10,38.1,29.5844160179832
TA-00495,15.88,1.65,201,10,38.1,29.4926080690841
TA-00497,15.88,1.65,193,6,38.1,25.483660967155
TA-00500,15.88,1.65,43,2,38.1,27.9791679417771
TA-00511,12.7,1.24,34,2,25.4,24.0036055485386
TA-00544,6.35,0.89,58,3,19.05,21.6944965307724
TA-00546,9.52,0.71,208,8,31.75,28.9111577260562
TA-00569,19.05,2.11,96,5,38.1,28.591220934438
TA-00586,9.52,0.89,46,2,31.75,27.6035899690079
TA-00610,9.52,0.89,41,2,31.75,21.449675333708
TA-00655,6.35,0.89,126,7,19.05,22.2592545194549
TA-00656,12.7,1.24,120,7,38.1,22.1340618618652
TA-00662,15.88,1.65,69,4,38.1,28.1655658986329
TA-00678,19.05,1.65,172,4,50.8,28.9389783166317
TA-00679,15.88,1.65,213,9,38.1,29.5120824824869
TA-00681,15.88,1.65,187,9,38.1,29.3284665846887
TA-00688,6.35,0.89,12,1,19.05,20.3591081831485
TA-00695,15.88,0.89,143,3,38.1,21.9727024365273
TA-00696,15.88,0.89,100,3,38.1,21.5637397550675
TA-00697,19.05,1.24,179,3,50.8,25.5810330341692
TA-00717,12.7,0.89,72,4,38.1,28.0264629457554
TA-00731,12.7,1.65,36,1,38.1,27.6453208548711
TA-00736,19.05,1.24,100,0,0,28.0681938316187
TA-00737,19.05,1.24,205,3,50.8,28.7247597692004
TA-00740,15.88,1.24,121,4,50.8,22.3733189408145
TA-00741,15.88,1.24,122,5,50.8,22.4484345353683
TA-00742,15.88,1.24,144,7,50.8,22.7155122048931
TA-00759,12.7,1.65,101,5,38.1,22.1674465705558
TA-00761,12.7,1.65,99,6,38.1,28.393694741352
TA-00763,12.7,1.65,70,3,38.1,29.8459295693929
TA-00764,15.88,1.65,40,2,38.1,21.7779583024988
TA-00768,12.7,1.65,111,7,38.1,28.5411438714021
TA-00770,25.4,2.41,86,4,50.8,29.2783895216528
TA-00772,6.35,0.89,173,3,19.05,13.4540376023102
TA-00775,12.7,1.24,31,2,38.1,27.6536670320438
TA-00776,9.52,0.89,16,1,31.75,21.2688414949673
TA-00779,25.4,1.65,88,3,63.5,30.104661061745
TA-00790,25.4,2.41,156,5,63.5,29.8153269197599
TA-00808,25.4,2.41,98,2,50.8,25.8230721721761
TA-00832,15.88,0.89,211,6,38.1,22.8184483900224
TA-00834,19.05,2.11,78,5,38.1,28.4743744540209
TA-00847,25.4,1.24,33,0,0,22.2954212872031
TA-00850,9.52,0.89,99,1,31.75,21.672240058312
TA-00859,15.88,1.65,85,6,38.1,28.4131691547548
TA-00875,6.35,0.71,31,2,19.05,20.6289679117308
TA-00888,19.05,2.11,76,3,50.8,22.1980492201888
TA-00890,19.05,2.11,40,2,50.8,21.8975868419735
TA-00891,19.05,2.11,84,4,50.8,22.3176777596635
TA-00902,12.7,1.65,135,6,38.1,22.3872292361022
TA-00914,12.7,0.89,105,5,25.4,21.3912520934994
TA-00922,12.7,1.65,225,3,127,26.379483983686
TA-00928,25.4,1.65,143,7,63.5,27.9986423551799
TA-00930,9.52,0.89,70,3,31.75,21.6666759401969
TA-00975,12.7,1.24,80,5,25.4,21.9671383184122
TA-00981,12.7,1.24,51,3,38.1,27.837282929842
TA-00982,12.7,1.24,52,3,38.1,27.8428470479571
TA-00983,19.05,2.11,74,2,38.1,28.2490276703594
TA-00985,9.52,0.89,97,4,31.75,21.8642021332829
TA-00994,12.7,1.24,59,2,38.1,21.6444194677365
TA-00995,12.7,0.89,72,2,38.1,21.7223171213478
TA-00996,6.35,0.71,55,2,19.05,21.6221629952761
TA-00998,19.05,2.11,70,2,50.8,22.092330976002
TA-01007,9.52,0.89,41,2,31.75,21.4580215108806
TA-01033,12.7,1.24,189,5,38.1,28.7776188912938
TA-01034,9.52,0.71,62,5,31.75,27.8817958747628
TA-01040,25.4,2.41,58,2,63.5,28.70250329674
TA-01042,9.52,0.89,34,2,31.75,21.42463680219
TA-01044,9.52,0.89,28,2,31.75,21.394034152557
TA-01045,15.88,1.65,274,5,50.8,29.7735960338966
TA-01047,15.88,1.65,287,3,50.8,23.580732571791
TA-01057,19.05,3.05,131,5,50.8,29.9349554592345
TA-01061,25.4,1.65,91,2,63.5,22.2314339288794
TA-01062,25.4,1.65,76,2,63.5,22.1368439209228
TA-01066,12.7,1.24,28,2,19.05,21.4635856289957
TA-01068,6.35,0.71,24,2,19.05,21.4107265069023
TA-01071,19.05,2.11,86,6,50.8,28.5940029934955
TA-01072,19.05,2.11,26,1,50.8,27.8706676385326
TA-01074,19.05,2.11,32,1,50.8,27.9096164653383
TA-01102,15.88,1.65,190,7,31.75,25.5281739120758
TA-01118,15.88,1.24,99,5,38.1,22.3065495234333
TA-01125,25.4,3.05,47,2,50.8,22.740550736411
TA-01134,19.05,3.05,47,4,38.1,28.4215153319275
TA-01140,6.35,0.71,149,4,19.05,21.7362274166356
TA-01144,6.35,0.71,119,5,19.05,21.5553935778949
TA-01148,9.52,0.89,35,3,19.05,21.4162906250174
TA-01152,19.05,3.05,68,0,0,22.3343701140088
TA-01169,19.05,3.05,47,2,50.8,25.1025188762707
TA-01171,19.05,1.24,142,6,50.8,22.5207680708646
TA-01172,9.52,0.89,1,5,31.75,21.4635856289957
TA-01173,9.52,0.71,212,7,31.75,21.8920227238584
TA-01174,12.7,0.89,105,3,38.1,21.2577132587371
TA-01181,6.35,0.71,235,7,19.05,22.6459607284543
TA-01182,6.35,0.71,260,3,19.05,22.5875374882458
TA-01186,6.35,0.71,243,7,19.05,22.7127301458355
TA-01187,12.7,1.65,48,2,38.1,27.7371288037702
TA-01188,12.7,1.65,48,2,38.1,21.616598877161
TA-01191,9.52,0.71,214,5,31.75,21.7696121253262
TA-01195,9.52,1.65,71,5,31.75,21.9420997868943
TA-01205,6.35,0.71,88,3,19.05,21.1659053098379
TA-01229,66.7,7.9,430,5,177.8,237.298509372757
TA-01230,9.52,0.89,151,5,31.75,28.4298615091001
TA-01242,25.4,2.41,78,5,50.8,29.0752992104516
TA-01247,9.52,1.24,40,1,31.75,21.394034152557
TA-01267,6.35,0.71,89,4,19.05,21.2410209043918
TA-01268,6.35,0.71,105,3,19.05,21.3077903217729
TA-01273,6.35,0.71,72,3,19.05,21.0351485341331
TA-01274,9.52,1.24,83,6,31.75,21.956010082182
TA-01278,6.35,0.71,71,3,19.05,21.0268023569604
TA-01286,6.35,0.71,174,6,19.05,22.0756386216567
TA-01287,6.35,0.71,99,3,19.05,21.2577132587371
TA-01292,12.7,0.89,218,7,38.1,22.907474279864
TA-01302,19.05,2.11,99,3,50.8,29.0558247970488
TA-01303,19.05,2.11,99,3,50.8,29.0558247970488
TA-01307,7.94,0.71,117,4,25.4,21.6277271133912
TA-01312,25.4,1.65,112,4,63.5,28.9974015568402
TA-01325,6.35,0.71,26,2,19.05,20.5872370258676
TA-01343,6.35,0.71,148,10,19.05,22.1284977437501
TA-01349,6.35,0.71,139,7,19.05,21.8530738970527
TA-01350,6.35,0.71,228,6,19.05,22.5235501299222
TA-01352,6.35,0.71,165,6,19.05,22.0033050861604
TA-01356,6.35,0.71,128,5,19.05,21.6305091724487
TA-01357,6.35,0.71,127,4,19.05,21.5553935778949
TA-01358,6.35,0.71,135,9,19.05,21.956010082182
TA-01360,15.88,1.65,106,7,38.1,28.7275418282579
TA-01362,15.88,1.24,79,2,38.1,27.1668066969726
TA-01363,15.88,1.24,77,2,38.1,27.1528964016848
TA-01401,9.52,1.24,65,4,31.75,21.7306632985205
TA-01425,15.88,1.65,121,2,110,28.4994129855389
TA-01431,12.7,1.24,78,2,38.1,21.7557018300384
TA-01433,12.7,1.24,151,6,38.1,25.0580059313499
TA-01434,12.7,1.24,157,7,38.1,25.1581600574217
TA-01435,12.7,1.24,106,2,38.1,28.0932323631366
TA-01436,12.7,1.24,104,6,38.1,28.3463997373736
TA-01437,12.7,1.24,48,2,38.1,27.7538211581155
TA-01438,12.7,1.24,111,4,38.1,28.2545917884745
TA-01441,9.52,0.71,24,2,19.05,27.4950896657634
TA-01443,9.52,0.71,35,3,19.05,27.6175002642956
TA-01467,6.35,0.71,102,4,19.05,21.3495212076362
TA-01470,9.52,1.24,107,6,31.75,22.0812027397718
TA-01471,9.52,1.24,123,7,31.75,22.2314339288794
TA-01478,12.7,1.65,18,1,38.1,27.5256923153965
TA-01479,19.05,1.65,119,2,50.8,28.4855026902511
TA-01480,12.7,1.24,157,8,38.1,28.7915291865816
TA-01481,9.52,1.24,44,3,31.75,21.5553935778949
TA-01484,6.35,0.71,87,5,19.05,21.2910979674276
TA-01488,6.35,0.71,45,3,19.05,20.8098017504716
TA-01503,9.52,1.65,19,1,31.75,21.3217006170607
TA-01505,9.52,0.89,67,4,31.75,21.7167530032327
TA-01509,9.52,0.89,55,4,31.75,21.6583297630242
TA-01516,6.35,0.71,84,7,19.05,21.3995982706721
TA-01517,9.52,0.89,65,4,31.75,21.7084068260601
TA-01519,9.52,0.89,46,4,31.75,21.616598877161
TA-01527,12.7,1.24,27,2,38.1,21.4580215108806
TA-01529,9.52,0.89,86,4,31.75,27.9318729377987
TA-01537,9.52,0.71,92,7,31.75,22.0339077357934
TA-01556,25.4,3.05,76,2,50.8,26.5241510546786
TA-01566,12.7,1.24,75,3,38.1,28.0515014772734
TA-01567,12.7,1.24,75,3,38.1,28.0515014772734
TA-01589,9.52,0.71,43,3,19.05,27.5757693784324
TA-01597,9.52,1.24,45,3,31.75,21.5581756369524
TA-01624,15.88,1.65,151,6,31.75,25.1887627070547
TA-01649,19.05,1.24,87,3,50.8,22.0812027397718
TA-01650,19.05,1.24,127,4,50.8,28.8638627220779
TA-01654,19.05,1.24,82,4,38.1,22.1284977437501
TA-01655,19.05,1.24,44,2,50.8,27.948565292144
TA-01665,7.94,0.89,29,2,25.4,20.5928011439827
TA-01667,12.7,0.89,33,1,38.1,21.4274188612476
TA-01679,6.35,0.71,106,4,19.05,21.3801238572692
TA-01680,6.35,0.71,143,5,19.05,21.7529197709809
TA-01681,6.35,0.71,84,3,19.05,21.1325206011473
TA-01682,6.35,0.71,143,5,19.05,21.7529197709809
TA-01704,9.52,0.89,17,2,19.05,21.3411750304635
TA-01706,9.52,0.89,59,4,19.05,21.6778041764271
TA-01721,6.35,0.71,266,6,19.05,22.8351407443677
TA-01723,25.4,2.11,102,3,63.5,23.0994363548349
TA-01728,19.05,1.65,101,4,50.8,28.5105412217691
TA-01729,12.7,0.89,115,5,38.1,22.1730106886709
TA-01736,12.7,1.65,129,5,38.1,22.3538445274116
TA-01738,19.05,1.24,32,2,50.8,21.7779583024988
TA-01746,19.05,1.24,29,2,50.8,21.7640480072111
TA-01758,6.35,0.89,93,2,19.05,21.8558559561102
TA-01763,19.05,1.65,44,2,50.8,22.0756386216567
TA-01767,12.7,2.11,251,3,38.1,23.7253996427836
TA-01769,12.7,2.11,253,3,38.1,23.7448740561865
TA-01771,12.7,2.11,324,5,38.1,24.5433250057032
TA-01773,9.52,1.65,45,2,31.75,21.5637397550675
TA-01774,9.52,1.65,87,2,31.75,21.8502918379951
TA-01777,12.7,1.65,170,6,38.1,29.6984804393428
TA-01783,25.4,2.41,21,2,50.8,28.3575279736038
TA-01787,9.52,1.65,43,4,31.75,21.6833682945422
TA-01788,9.52,1.65,44,4,31.75,21.6917144717148
TA-01816,19.05,3.05,100,4,50.8,22.9909360515905
TA-01828,25.4,3.05,80,3,63.5,23.1689878312737
TA-01831,9.52,0.89,94,5,19.05,28.0375911819856
TA-01837,9.52,0.89,343,9,31.75,23.0521413508566
TA-01860,6.35,0.71,134,3,19.05,21.5470474007222
TA-01867,19.05,2.11,116,2,50.8,22.3927933542173
TA-01874,6.35,0.71,178,3,19.05,21.9087150782037
TA-01875,6.35,0.71,206,4,19.05,22.2063953973615
TA-01879,6.35,0.71,217,7,19.05,22.4985115984042
TA-01886,6.35,0.71,106,6,19.05,21.5136626920316
TA-01887,6.35,0.71,107,6,19.05,21.5220088692043
TA-01888,6.35,0.71,120,6,19.05,21.6305091724487
TA-01907,6.35,0.71,119,7,19.05,21.6889324126573
TA-01908,6.35,0.71,156,9,19.05,22.1284977437501
TA-01911,9.52,1.24,40,3,31.75,27.6536670320438
TA-01920,19.05,1.24,87,4,50.8,22.1479721571529
TA-01927,6.35,0.71,88,3,19.05,21.1659053098379
TA-01928,19.05,1.24,129,5,50.8,22.3983574723324
TA-01953,25.4,2.41,519,2,63.5,19.8026963716386
TA-01956,15.88,1.65,195,2,50.8,29.0196580293006
TA-01957,15.88,1.65,192,1,50.8,28.9306321394591
TA-01958,15.88,1.65,190,0,0,28.8499524267901
TA-01960,15.88,2.41,198,3,50.8,29.7819422110693
TA-01962,12.7,2.11,168,2,38.1,22.8796536892885
TA-01974,12.7,1.24,85,2,38.1,27.9708217646044
TA-01991,9.52,1.24,30,4,19.05,27.6675773273315
TA-01997,25.4,2.11,36,2,50.8,30.0351095853063
TA-02007,6.35,0.71,214,7,19.05,22.4734730668863
TA-02009,6.35,0.71,186,4,19.05,22.0422539129661
TA-02010,6.35,0.71,221,5,19.05,22.3983574723324
TA-02011,6.35,0.71,216,3,19.05,22.2230877517068
TA-02015,6.35,0.71,105,5,19.05,21.4413291565353
TA-02022,9.52,1.65,66,5,19.05,21.9059330191461
TA-02024,9.52,1.24,84,4,19.05,52.6810703137606
TA-02037,15.88,1.65,63,2,31.75,44.6325734602694
TA-02041,19.05,1.65,35,2,38.1,53.5212521491406
TA-02056,9.52,1.24,22,2,19.05,21.3717776800966
TA-02057,9.52,1.24,21,2,19.05,27.4867434885908
TA-02063,9.52,1.65,41,2,31.75,21.535919164492
TA-02070,19.05,3.05,146,4,50.8,23.550129922158
TA-02083,9.52,0.89,85,0,0,28.0487194182158
TA-02090,9.52,0.89,34,2,31.75,21.42463680219
TA-02095,6.35,0.89,75,3,19.05,21.8057788930743
TA-02096,19.05,1.24,89,2,50.8,22.0227794995632
TA-02116,19.05,2.11,49,1,50.8,28.0181167685828
TA-02119,6.35,0.89,29,4,19.05,21.5331371054345
TA-02150,6.35,0.89,31,4,19.05,27.7037440950796
TA-02153,19.05,1.24,197,7,50.8,29.5343389549473
TA-02154,19.05,1.24,139,5,50.8,28.5717465210351
TA-02172,12.7,1.65,151,8,38.1,22.6988198505478
TA-02174,9.52,0.89,89,3,19.05,21.758483889096
TA-02182,15.88,1.24,142,5,50.8,22.5708451339005
TA-02183,15.88,1.65,225,5,38.1,29.3284665846887
TA-02184,9.52,1.65,124,0,0,29.7735960338966
TA-02193,12.7,1.24,41,2,38.1,27.7120902722523
TA-02198,19.05,2.11,176,4,50.8,26.7105490115344
TA-02200,12.7,1.65,152,8,38.1,22.7043839686629
TA-02201,12.7,1.65,150,8,38.1,22.6904736733751
TA-02211,6.35,0.71,193,10,19.05,29.4258386517029
TA-02227,9.52,1.65,37,3,31.75,21.5776500503553
TA-02235,19.05,1.24,28,1,50.8,27.5423846697418
TA-02237,12.7,1.65,245,4,38.1,26.7522798973977
TA-02257,9.52,0.89,111,6,19.05,28.2434635522443
TA-02261,12.7,1.24,128,7,38.1,28.5550541666898
TA-02275,12.7,2.11,61,4,38.1,22.0088692042755
TA-02277,9.52,1.24,55,4,19.05,21.6778041764271
TA-02308,9.52,1.24,44,3,31.75,21.5553935778949
TA-02310,6.35,0.71,23,4,19.05,20.695737329112
TA-02314,9.52,1.24,38,3,31.75,21.5220088692043
TA-02319,12.7,1.65,35,2,38.1,21.5331371054345
TA-02321,12.7,1.65,96,4,25.4,22.067292444484
TA-02334,6.35,0.71,114,6,19.05,21.5804321094128
TA-02337,6.35,0.89,19,1,19.05,27.5256923153965
TA-02338,12.7,2.11,41,2,25.4,27.9318729377987
TA-02344,12.7,2.11,89,4,25.4,28.5161053398842
TA-02345,12.7,2.11,101,4,25.4,28.6301697612437
TA-02347,12.7,2.11,98,3,25.4,28.5327976942295
TA-02359,6.35,0.71,181,7,19.05,22.2008312792464
TA-02375,12.7,2.11,131,6,25.4,25.5532124435938
TA-02376,12.7,2.11,131,6,25.4,29.0446965608186
TA-02379,12.7,2.11,136,6,25.4,25.6005074475721
TA-02381,12.7,2.11,99,4,25.4,28.6106953478408
TA-02383,12.7,2.11,96,3,25.4,28.5161053398842
TA-02418,9.52,0.89,47,2,19.05,21.4858421014561
TA-02419,12.7,1.24,77,4,25.4,21.8836765466857
TA-02432,12.7,0.89,66,3,31.75,29.7680319157815
TA-02455,9.52,0.71,54,2,19.05,27.8345008707845
TA-02469,12.7,0.89,96,3,38.1,21.9281894916065
TA-02474,15.88,1.65,72,2,38.1,22.0033050861604
TA-02475,15.88,1.65,143,5,38.1,30.4496363848812
TA-02476,15.88,1.65,146,4,38.1,30.4023413809028
TA-02496,9.52,1.65,85,5,31.75,22.036689794851
TA-02498,9.52,1.65,58,2,31.75,21.6527656449091
TA-02500,15.88,1.65,134,5,50.8,22.7794995632167
TA-02504,19.05,2.11,89,4,50.8,22.3510624683541
TA-02505,19.05,2.11,91,4,50.8,22.3621907045843
TA-02507,19.05,2.11,91,4,50.8,22.3621907045843
TA-02508,25.4,2.41,77,3,63.5,23.0076284059358
TA-02517,12.7,1.24,80,4,38.1,21.900368901031
TA-02519,12.7,1.24,119,5,38.1,22.1952671611313
TA-02520,12.7,1.24,177,8,38.1,22.7349866182959
TA-02522,12.7,1.65,115,2,38.1,25.5865971522843
TA-02523,12.7,0.89,69,5,38.1,28.0765400087913
TA-02525,25.4,3.05,58,0,0,33.5516322340491
TA-02577,12.7,1.24,17,2,38.1,21.3995982706721
TA-02578,25.4,2.11,72,2,63.5,30.6972396410031
TA-02579,12.7,0.89,86,5,25.4,28.1766941348631
TA-02582,9.52,1.65,65,6,31.75,21.9671383184122
TA-02589,25.4,1.65,80,3,63.5,28.3491817964312
TA-02604,19.05,2.11,31,1,50.8,24.7074664900986
TA-02606,19.05,2.11,17,1,80,24.532196769473
TA-02607,9.52,0.89,89,5,31.75,21.8920227238584
TA-02635,25.4,1.65,84,5,63.5,22.3872292361022
TA-02646,15.88,1.65,162,4,50.8,28.8193497771571
TA-02648,15.88,1.65,162,4,50.8,28.8193497771571
TA-02676,9.52,1.24,105,6,31.75,22.0728565625991
TA-02681,6.35,0.71,180,5,19.05,22.0589462673114
TA-02683,6.35,0.71,167,5,19.05,21.9532280231245
TA-02688,6.35,0.71,292,8,19.05,23.185680185619
TA-02714,9.52,1.24,66,3,31.75,21.6694579992544
TA-02720,6.35,0.71,61,3,19.05,20.9433405852339
TA-02721,6.35,0.71,132,3,19.05,21.5303550463769
TA-02723,15.88,1.65,134,2,50.8,28.3603100326614
TA-02724,15.88,1.65,133,4,50.8,28.6162594659559
TA-02726,15.88,1.65,225,4,50.8,25.7757771681977
TA-02728,15.88,1.65,276,4,50.8,29.4926080690841
TA-02729,15.88,1.65,187,4,50.8,29.0947736238545
TA-02730,15.88,1.65,187,5,50.8,29.1615430412357
TA-02733,9.52,0.89,32,2,31.75,21.4135085659598
TA-02745,9.52,0.89,23,1,31.75,21.3022262036578
TA-02778,12.7,1.65,58,4,25.4,16.8982267155567
TA-02803,6.35,0.71,88,6,19.05,21.3662135619815
TA-02811,6.35,0.71,41,1,19.05,20.6456602660761
TA-02814,9.52,0.89,11,1,19.05,27.3643328900586
TA-02829,15.88,1.65,68,4,38.1,28.0348091229281
TA-02830,6.35,0.71,181,5,19.05,22.067292444484
TA-02831,6.35,0.71,178,6,19.05,22.1090233303473
TA-02836,25.4,1.65,80,2,63.5,17.9832297480011
TA-02837,12.7,2.11,248,5,38.1,23.8311178869705
TA-02840,12.7,2.11,253,5,38.1,23.8784128909488
TA-02843,12.7,2.11,115,2,38.1,22.3816651179871
TA-02848,12.7,2.11,194,3,38.1,23.1884622446765
TA-02851,9.52,1.65,62,5,31.75,21.8002147749592
TA-02887,12.7,1.24,53,3,38.1,21.6778041764271
TA-02888,12.7,1.24,77,4,38.1,21.8836765466857
TA-02902,19.05,1.65,244,5,50.8,23.0382310555688
TA-02905,6.35,0.71,133,6,19.05,21.7390094756931
TA-02909,6.35,0.71,89,6,19.05,21.3745597391541
TA-02910,6.35,0.71,93,7,19.05,21.4747138652259
TA-02916,6.35,0.71,93,7,19.05,21.4747138652259
TA-02919,6.35,0.71,85,4,19.05,21.2076361957012
TA-02963,9.52,0.71,38,2,31.75,27.5646411422022
TA-02972,19.05,1.24,202,5,50.8,28.844388308675
TA-02978,9.52,1.24,29,2,19.05,27.497871724821
TA-03010,19.05,1.24,20,1,38.1,24.1621829148189
TA-03012,9.52,1.24,24,2,19.05,21.3829059163268
TA-03013,9.52,1.24,22,1,31.75,21.3050082627154
TA-03021,9.52,0.89,29,2,31.75,21.3995982706721
TA-03031,15.88,2.41,29,2,38.1,28.2406814931867
TA-03040,9.52,1.65,73,2,31.75,21.7557018300384
TA-03048,19.05,1.24,28,2,50.8,21.758483889096
TA-03050,12.7,1.24,67,3,38.1,21.758483889096
TA-03060,12.7,1.65,48,3,38.1,27.8038982211514
TA-03062,19.05,1.24,32,2,50.8,21.7779583024988
TA-03065,19.05,1.24,72,2,50.8,21.9504459640669
TA-03071,9.52,0.89,35,2,31.75,21.4274188612476
TA-03101,12.7,1.65,193,9,38.1,23.0410131146264
TA-03130,15.88,1.65,216,4,50.8,23.1495134178708
TA-03133,15.88,1.65,100,2,50.8,22.2008312792464
TA-03137,15.88,1.65,122,2,50.8,22.3566265864692
TA-03139,22.22,2.11,196,1,63.5,26.5519716452541
TA-03142,6.35,0.71,126,5,19.05,22.3065495234333
TA-03145,6.35,0.71,147,5,19.05,22.4484345353683
TA-03149,6.35,0.71,532,10,19.05,25.4113274316587
TA-03154,9.52,0.89,62,4,31.75,27.8734496975902
TA-03186,9.52,0.89,47,3,19.05,21.5526115188373
TA-03211,15.88,1.65,47,3,38.1,24.7631076712496
TA-03223,19.05,1.65,98,4,38.1,22.3621907045843
TA-03224,9.52,1.24,41,4,19.05,27.917962642511
TA-03243,19.05,1.65,137,2,50.8,28.5940029934955
TA-03279,15.88,1.24,18,1,50.8,27.5924617327777
TA-03288,12.7,1.24,136,7,38.1,22.4289601219655
TA-03289,12.7,1.24,136,7,38.1,22.4289601219655
TA-03318,12.7,1.24,28,2,25.4,21.4635856289957
TA-03322,9.52,0.71,163,8,31.75,21.6889324126573
TA-03329,19.05,1.65,72,3,50.8,27.5006537838785
TA-03335,9.52,0.71,62,2,31.75,20.7319040968602
TA-03336,9.52,0.71,131,4,31.75,21.2465850225069
TA-03337,19.05,2.11,190,0,0,25.261096242551
TA-03338,25.4,2.41,203,0,0,26.1207524913339
TA-03340,12.7,1.24,21,1,38.1,21.3578673848088
TA-03343,12.7,0.89,184,8,38.1,22.1730106886709
TA-03349,19.05,3.05,85,4,50.8,22.8073201537922
TA-03378,12.7,2.11,20,2,38.1,27.609154087123
TA-03382,6.35,0.71,162,5,19.05,28.7776188912938
TA-03397,6.35,0.71,53,2,19.05,21.6082526999883
TA-03409,15.88,1.65,81,4,50.8,24.7658897303072
TA-03420,9.52,0.71,99,7,19.05,16.773034057967
TA-03431,9.52,1.65,23,2,31.75,27.5340384925691
TA-03435,9.52,0.89,78,2,31.75,21.6388553496214
TA-03436,9.52,0.89,73,2,31.75,21.6138168181034
TA-03438,9.52,0.89,68,2,31.75,21.5887782865855
TA-03440,9.52,0.89,68,2,31.75,21.5887782865855
TA-03443,9.52,0.89,106,3,31.75,21.8419456608225
TA-03446,9.52,0.89,55,3,31.75,21.591560345643
TA-03447,9.52,0.89,117,3,31.75,21.8948047829159
TA-03448,9.52,0.89,89,4,31.75,21.8252533064772
TA-03449,9.52,0.89,47,4,31.75,21.6193809362185
TA-03450,9.52,0.89,83,4,31.75,21.7946506568441
TA-03453,9.52,0.89,169,8,31.75,22.4818192440589
TA-03454,12.7,1.24,56,2,38.1,27.7482570400004
TA-03455,12.7,1.24,88,4,38.1,21.9476639050094
TA-03456,9.52,0.89,78,3,31.75,27.8261546936118
TA-03457,9.52,0.89,61,3,31.75,21.6221629952761
TA-03459,9.52,0.89,129,4,31.75,28.1405273671149
TA-03471,12.7,1.24,137,6,38.1,22.3677548226994
TA-03489,22.22,1.65,300,3,50.8,29.1086839191422
TA-03491,6.35,0.71,151,6,19.05,22.543024543325
TA-03492,6.35,0.71,175,6,19.05,22.7071660277204
TA-03494,6.35,0.71,152,8,19.05,28.9083756669987
TA-03499,6.35,0.71,213,5,19.05,29.1253762734875
TA-03500,6.35,0.71,87,7,19.05,22.1730106886709
TA-03502,9.52,1.24,45,0,0,27.5368205516267
TA-03504,9.52,1.24,41,6,19.05,27.917962642511
TA-03516,6.35,0.71,141,9,19.05,22.0033050861604
TA-03526,25.4,1.65,101,4,63.5,22.988153992533
TA-03536,9.52,0.89,22,2,31.75,21.3662135619815
TA-03542,22.22,1.65,99,4,63.5,32.5167062646406
TA-03546,6.35,0.71,59,2,19.05,21.6499835858516
TA-03549,25.4,1.65,114,3,63.5,23.0048463468782
TA-03582,6.35,0.71,79,5,19.05,28.2100788435537
TA-03591,6.35,0.89,16,3,12.7,27.5396026106842
TA-03592,6.35,0.89,16,3,12.7,27.5396026106842
TA-03614,12.7,1.24,90,4,38.1,21.9587921412396
TA-03615,12.7,1.24,150,6,38.1,22.4428704172532
TA-03616,12.7,1.24,61,3,38.1,21.7250991804054
TA-03617,25.4,3.05,122,5,50.8,29.7040445574579
TA-03618,12.7,1.65,38,2,25.4,21.5526115188373
TA-03625,6.35,0.89,222,5,19.05,12.5609966448368
TA-03634,15.88,1.65,239,6,50.8,25.8063798178308
TA-03646,9.52,1.24,218,3,31.75,11.4008780178386
TA-03651,15.88,1.65,68,4,31.75,28.1600017805178
TA-03653,6.35,0.71,158,6,19.05,28.8165677180995
TA-03656,6.35,0.71,122,6,19.05,22.345498350239
TA-03660,12.7,1.65,243,6,38.1,25.7813412863128
TA-03666,6.35,0.71,155,9,19.05,22.7711533860441
TA-03678,6.35,0.71,54,3,19.05,21.6805862354846
TA-03680,6.35,0.71,53,3,19.05,21.6750221173695
TA-03682,6.35,0.71,52,3,19.05,21.6666759401969
TA-03719,19.05,3.05,126,4,38.1,25.8286362902912
TA-03720,19.05,3.05,215,8,38.1,30.7890475899022
TA-03736,19.05,2.11,263,5,50.8,27.4088458349794
TA-03739,6.35,0.71,114,6,19.05,21.5804321094128
TA-03741,6.35,0.71,99,4,19.05,21.3244826761182
TA-03744,6.35,0.71,154,5,19.05,21.84472771988
TA-03745,6.35,0.71,169,3,19.05,21.8363815427074
TA-03746,6.35,0.71,92,2,19.05,21.1325206011473
TA-03747,6.35,0.71,39,2,19.05,20.695737329112
TA-03750,6.35,0.71,104,4,19.05,21.3662135619815
TA-03752,6.35,0.71,35,2,19.05,20.6623526204214
TA-03755,9.52,1.65,165,9,31.75,29.5565954274077
TA-03756,9.52,1.65,165,9,31.75,29.5565954274077
TA-03758,9.52,1.65,205,10,31.75,29.8932245733712
TA-03759,9.52,1.65,206,10,31.75,29.9015707505439
TA-03760,9.52,1.65,84,3,31.75,28.6051312297257
TA-03761,9.52,1.65,96,3,31.75,28.6858109423947
TA-03762,9.52,1.65,92,3,31.75,28.6579903518192
TA-03766,9.52,0.89,38,3,19.05,21.5108806329741
TA-03791,9.52,1.24,29,2,31.75,27.528474374454
TA-03818,12.7,1.65,49,2,38.1,21.6249450543336
TA-03820,12.7,1.65,88,4,38.1,22.0144333223906
TA-03821,9.52,1.65,33,2,31.75,27.6035899690079
TA-03846,12.7,1.65,54,3,25.4,21.7250991804054
TA-03847,12.7,1.65,76,4,25.4,21.9365356687792
TA-03848,12.7,1.65,93,4,25.4,22.0478180310812
TA-03884,12.7,1.65,55,2,38.1,32.7893480522805
TA-03886,12.7,1.65,104,4,38.1,33.2456057377186
TA-03888,12.7,1.65,88,2,38.1,33.0063486587693
TA-03889,12.7,1.65,96,4,38.1,33.1927466156252
TA-03905,9.52,1.65,87,4,31.75,21.9838306727575
TA-03906,9.52,1.65,112,4,31.75,22.153536275268
TA-03907,12.7,1.24,52,4,25.4,21.7390094756931
TA-03909,15.88,1.24,64,3,38.1,21.7612659481535
TA-03957,15.88,1.65,69,4,38.1,28.1655658986329
TA-03964,22.22,2.11,100,4,38.1,26.0122521880894
TA-03980,19.05,1.24,214,5,50.8,28.8972474307685
TA-03992,9.52,0.89,41,4,19.05,27.7120902722523
TA-03993,9.52,0.89,28,2,19.05,21.394034152557
TA-04021,6.35,0.89,65,4,19.05,21.8057788930743
TA-04024,25.4,1.65,44,2,63.5,28.424297390985
TA-04026,15.88,1.65,43,4,38.1,24.3457988126172
TA-04033,25.4,2.41,78,6,50.8,26.1791757315424
TA-04043,9.52,0.89,98,6,31.75,28.1822582529782
TA-04045,9.52,1.24,45,5,19.05,21.6917144717148
TA-04050,9.52,1.65,52,4,31.75,21.7445735938082
TA-04058,19.05,1.24,113,3,50.8,24.7158126672713
TA-04111,12.7,1.65,147,5,38.1,25.2277115338604
TA-04114,6.35,0.71,0,7,19.05,20.6818270338243
TA-04118,9.52,0.89,56,3,19.05,21.5971244637581
TA-04123,6.35,0.71,98,6,19.05,21.449675333708
TA-04125,9.52,1.65,175,6,31.75,22.7155122048931
TA-04126,9.52,0.89,27,2,19.05,21.3884700344419
TA-04127,9.52,0.89,37,2,19.05,21.4385470974778
TA-04128,6.35,0.71,43,2,19.05,20.7263399787451
TA-04129,6.35,0.71,46,4,19.05,20.8849173450254
TA-04130,6.35,0.71,72,6,19.05,21.2354567862767
TA-04133,9.52,0.71,130,5,19.05,28.2712841428198
TA-04137,6.35,0.71,87,6,19.05,21.3578673848088
TA-04138,6.35,0.71,131,8,19.05,21.8558559561102
TA-04142,6.35,0.71,87,6,19.05,21.3578673848088
TA-04143,6.35,0.71,66,4,19.05,21.0518408884784
TA-04146,6.35,0.71,112,7,19.05,21.6305091724487
TA-04147,6.35,0.71,128,6,19.05,21.6972785898299
TA-04148,6.35,0.71,179,2,19.05,21.8502918379951
TA-04150,6.35,0.71,84,6,19.05,21.3328288532909
TA-04152,6.35,0.71,83,4,19.05,21.1909438413559
TA-04153,6.35,0.71,84,4,19.05,21.1992900185285
TA-04155,6.35,0.71,75,4,19.05,21.1241744239747
TA-04156,6.35,0.71,75,4,19.05,21.1241744239747
TA-04157,6.35,0.89,67,2,19.05,21.6861503535997
TA-04158,6.35,0.89,201,6,19.05,22.8323586853102
TA-04159,9.52,1.65,121,4,31.75,22.2147415745341
TA-04160,9.52,1.65,95,4,31.75,22.036689794851
TA-04161,9.52,1.65,111,4,31.75,22.1451900980954
TA-04162,9.52,1.65,164,4,31.75,22.5068577755769
TA-04166,6.35,0.71,176,5,19.05,22.0255615586208
TA-04170,9.52,0.89,22,2,31.75,21.3662135619815
TA-04183,25.4,2.41,139,5,50.8,29.6456213172493
TA-04235,19.05,2.11,22,1,50.8,24.6490432498901
TA-04236,19.05,2.11,28,1,50.8,24.6879920766958
TA-04238,25.4,3.05,22,1,50.8,22.3983574723324
TA-04239,25.4,3.05,25,1,50.8,22.431742181023
TA-04247,15.88,1.24,76,2,50.8,21.9643562593547
TA-04248,25.4,1.65,78,6,63.5,28.5828747572653
TA-04249,19.05,3.05,197,7,50.8,31.081163790945
TA-04252,19.05,1.65,57,2,50.8,28.1099247174819
TA-04254,9.52,0.89,17,2,19.05,21.3411750304635
TA-04260,25.4,2.11,57,3,63.5,22.1813568658435
TA-04262,19.05,2.11,98,6,50.8,25.0552238722924
TA-04263,19.05,2.11,91,5,50.8,24.9439415099904
TA-04265,9.52,1.24,72,4,31.75,21.7668300662686
TA-04276,9.52,0.89,98,5,31.75,21.9365356687792
TA-04312,12.7,2.11,83,6,25.4,28.5188873989417
TA-04320,9.52,0.71,52,2,31.75,27.8261546936118
TA-04321,9.52,0.71,31,2,31.75,27.7232185084825
TA-04327,15.88,1.24,99,4,50.8,26.3989583970889
TA-04367,19.05,1.65,154,2,50.8,26.1068421960461
TA-04379,25.4,3.05,278,4,63.5,30.7556628812116
TA-04385,9.52,1.65,47,3,31.75,27.7649493943457
TA-04435,9.52,0.89,48,3,127,30.1714304791262
TA-04479,19.05,1.65,89,4,50.8,22.3065495234333
TA-04543,19.05,1.24,11,0,0,30.9726634877005
TA-04549,12.7,0.89,19,2,25.4,27.9875141189497
TA-04561,6.35,0.71,61,5,19.05,21.0768794199963
TA-04563,6.35,0.71,193,7,19.05,22.3009854053182
TA-04564,6.35,0.71,118,6,19.05,21.6138168181034
TA-04565,6.35,0.71,57,5,19.05,21.0434947113057
TA-04566,6.35,0.71,215,9,19.05,22.6153580788213
TA-04571,6.35,0.71,183,8,19.05,22.2842930509729
TA-04572,6.35,0.71,184,9,19.05,22.3594086455267
TA-04573,6.35,0.71,152,7,19.05,21.9615742002971
TA-04575,6.35,0.71,102,6,19.05,21.4830600423986
TA-04580,25.4,1.65,161,6,63.5,23.5000528591221
TA-04581,6.35,0.71,33,4,19.05,20.7791991008385
TA-04586,6.35,0.71,180,11,19.05,22.4595627715985
TA-04587,6.35,0.71,155,8,19.05,22.0533821491963
TA-04588,6.35,0.71,118,7,19.05,21.6805862354846
TA-04593,6.35,0.71,113,4,19.05,21.4385470974778
TA-04595,6.35,0.71,112,4,19.05,21.4302009203051
TA-04606,25.4,1.65,110,4,63.5,23.0465772327415
TA-04608,9.52,0.89,124,4,31.75,21.9949589089877
TA-04609,9.52,0.89,37,3,19.05,21.505316514859
TA-04617,9.52,0.89,18,1,31.75,8.61881896028889
TA-04620,15.88,2.11,247,6,50.8,26.2848939757293
TA-04625,12.7,0.89,131,5,38.1,22.26481863757
TA-04631,6.35,0.71,73,5,19.05,21.1770335460681
TA-04635,12.7,0.89,91,3,38.1,21.900368901031
TA-04643,12.7,0.89,108,4,38.1,21.3467391485786
TA-04647,6.35,0.71,204,9,19.05,22.5235501299222
TA-04648,6.35,0.71,179,7,19.05,22.1841389249011
TA-04650,6.35,0.71,120,1,19.05,21.2966620855427
TA-04658,15.88,1.65,43,4,38.1,27.9624755874318
TA-04659,15.88,1.65,77,5,38.1,28.2879764971651
TA-04660,15.88,1.65,77,5,38.1,28.2879764971651
TA-04663,15.88,1.65,85,6,38.1,28.4131691547548
TA-04666,19.05,2.41,138,4,50.8,29.3284665846887
TA-04667,12.7,1.65,59,4,38.1,29.8375833922202
TA-04701,15.88,1.65,209,6,31.75,39.8029189363632
TA-04704,9.52,1.24,114,5,19.05,28.171130016748
TA-04721,15.88,1.65,84,6,38.1,28.4048229775822
TA-04734,12.7,1.65,141,3,38.1,32.1355641737563
TA-04737,9.52,0.71,35,2,38.1,20.5621984943496
TA-04738,6.35,0.89,30,0,0,20.5204676084864
TA-04744,6.35,0.71,38,2,38.1,20.6873911519394
TA-04745,9.52,0.71,154,5,38.1,21.3439570895211
TA-04752,6.35,0.71,49,1,25.4,20.7096476243998
TA-04754,6.35,0.71,148,5,38.1,21.8475097789376
TA-04757,6.35,0.71,124,9,19.05,21.8642021332829
TA-04765,9.52,0.89,189,11,25.4,22.0199974405057
TA-04828,9.52,0.89,38,0,0,20.528813785659
TA-04830,19.05,1.65,53,2,50.8,28.0876682450215
TA-04853,9.52,0.89,54,4,19.05,27.8345008707845
TA-04871,9.52,0.89,162,8,31.75,22.3315880549512
TA-04881,19.05,2.41,48,4,38.1,28.4771565130785
TA-04895,6.35,0.71,88,7,19.05,21.4329829793627
TA-04896,6.35,0.71,66,4,19.05,21.0518408884784
TA-04898,6.35,0.71,115,5,19.05,21.5220088692043
TA-04899,6.35,0.71,112,7,19.05,21.6305091724487
TA-04902,6.35,0.71,114,7,19.05,21.647201526794
TA-04905,6.35,0.71,145,6,19.05,21.8363815427074
TA-04909,12.7,0.89,85,0,0,27.9763858827195
TA-04930,12.7,0.89,27,2,38.1,21.4580215108806
TA-04931,6.35,0.71,179,9,19.05,22.3176777596635
TA-04934,19.05,2.11,45,3,38.1,21.9977409680453
TA-04936,19.05,2.11,45,3,38.1,21.9977409680453
TA-04969,19.05,2.11,65,3,38.1,22.1284977437501
TA-04993,9.52,0.89,159,4,31.75,22.1646645114982
TA-04994,9.52,0.89,74,2,31.75,21.6193809362185
TA-04998,9.52,0.89,41,4,19.05,27.7120902722523
TA-04999,6.35,0.71,50,4,19.05,20.9071738174858
TA-05001,9.52,0.89,30,2,31.75,27.584115555605
TA-05009,19.05,1.24,92,2,38.1,22.036689794851
TA-05023,9.52,0.89,29,1,38.1,21.2326747272191
TA-05041,12.7,0.89,115,4,38.1,21.3968162116145
TA-05044,12.7,0.89,117,4,38.1,21.4135085659598
TA-05045,12.7,0.89,25,2,38.1,20.6011473211553
TA-05047,12.7,0.89,103,4,38.1,21.3077903217729
TA-05048,12.7,0.89,103,4,38.1,21.3077903217729
TA-05049,12.7,0.89,102,4,38.1,21.3022262036578
TA-05051,12.7,0.89,20,2,25.4,20.5621984943496
TA-05058,9.52,0.89,180,6,31.75,28.5800926982078
TA-05086,9.52,0.71,99,4,19.05,27.9958602961224
TA-05106,12.7,0.89,130,4,25.4,21.5080985739165
TA-05109,12.7,0.89,129,4,25.4,21.4997523967439
TA-05111,12.7,0.89,28,2,25.4,20.6206217345582
TA-05117,25.4,1.65,61,2,63.5,28.5439259304596
TA-05118,9.52,0.89,43,2,31.75,29.9015707505439
TA-05119,9.52,0.71,41,3,19.05,27.6453208548711
TA-05135,6.35,0.71,219,0,0,22.0478180310812
TA-05137,6.35,0.71,97,3,19.05,21.2410209043918
TA-05145,6.35,0.71,187,5,19.05,22.1173695075199
TA-05147,6.35,0.71,173,6,19.05,22.067292444484
TA-05157,6.35,0.89,56,4,19.05,20.9043917584282
TA-05171,6.35,0.89,24,2,25.4,20.6150576164431
TA-05187,25.4,3.05,284,4,63.5,30.8224322985928
TA-05195,15.88,1.65,153,2,50.8,25.1359035849613
TA-05201,19.05,1.24,155,5,50.8,28.6412979974739
TA-05205,19.05,1.24,39,2,50.8,27.9374370559138
TA-05208,19.05,1.24,33,0,0,28.3547459145463
TA-05216,15.88,1.65,118,1,50.8,28.4103870956973
TA-05235,6.35,0.71,216,7,19.05,22.4901654212316
TA-05244,19.05,1.65,132,5,50.8,22.6348324922241
TA-05253,19.05,2.11,152,4,50.8,29.8153269197599
TA-05265,12.7,1.24,149,6,38.1,28.5940029934955
TA-05273,9.52,1.24,148,8,31.75,22.4289601219655
TA-05365,6.35,0.71,207,8,19.05,29.2839536397679
TA-05366,9.52,0.89,141,5,19.05,28.2657200247047
TA-05367,6.35,0.71,130,5,19.05,28.5578362257474
TA-05369,6.35,0.71,143,5,19.05,28.646862115589
TA-05370,6.35,0.71,141,5,19.05,28.6329518203012
TA-05372,6.35,0.71,206,7,19.05,29.208838045214
TA-05375,19.05,1.65,175,2,50.8,28.8221318362146
TA-05377,19.05,1.65,205,2,50.8,29.0029656749553
TA-05378,19.05,1.65,150,2,50.8,28.6719006471069
TA-05379,19.05,1.65,120,2,50.8,28.3630920917189
TA-05391,6.35,0.71,215,7,19.05,29.2728254035377
TA-05393,6.35,0.71,221,7,19.05,23.0883081186047
TA-05427,6.35,0.71,126,6,19.05,22.3733189408145
TA-05428,6.35,0.71,126,6,19.05,22.3733189408145
TA-05432,6.35,0.71,221,7,19.05,23.0883081186047
TA-05433,42.7,4.8,205,2,63.5,29.8208910378749
TA-05437,6.35,0.71,129,7,19.05,22.4595627715985
TA-05467,25.4,3.05,74,2,50.8,27.3253840632529
TA-05480,19.05,2.11,28,1,38.1,24.6879920766958
TA-05481,19.05,2.11,22,1,38.1,24.6490432498901
TA-05503,19.05,2.11,164,6,50.8,22.9714616381877
TA-05535,19.05,2.11,91,6,50.8,28.6273877021861
TA-05536,12.7,1.65,49,4,25.4,21.758483889096
TA-05559,6.35,0.89,218,7,19.05,29.3368127618613
TA-05596,6.35,0.71,178,5,19.05,28.8861191945383
TA-05628,6.35,0.89,67,6,19.05,28.28241237905
TA-05629,6.35,0.89,69,6,19.05,28.2935406152802
TA-05638,19.05,1.65,251,1,50.8,29.2144021633291
TA-05644,6.35,0.71,148,6,19.05,21.8614200742253
TA-05648,6.35,0.71,158,8,19.05,28.9501065528619
TA-05649,6.35,0.71,151,9,19.05,22.7433327954686
TA-05651,19.05,1.65,133,2,50.8,24.9606338643357
TA-05657,25.4,3.05,35,1,50.8,22.5402424842675
TA-05663,19.05,1.65,37,1,50.8,28.5021950445964
TA-05667,25.4,3.05,45,2,50.8,28.6552082927616
TA-05668,25.4,3.05,47,2,50.8,28.677464765222
TA-05676,6.35,0.71,118,5,19.05,28.4771565130785
TA-05678,6.35,0.71,143,4,19.05,28.5800926982078
TA-05679,6.35,0.71,119,7,19.05,28.6162594659559
TA-05680,6.35,0.71,121,8,19.05,28.6969391786249
TA-05684,6.35,0.71,113,0,0,21.171469427953
TA-05687,19.05,2.11,51,2,38.1,21.9699203774698
TA-05688,19.05,2.11,52,2,38.1,21.9754844955849
TA-05695,9.52,1.24,55,5,19.05,40.5930237087073
TA-05696,12.7,2.11,56,2,38.1,27.9986423551799
TA-05701,15.88,1.65,199,2,50.8,29.0474786198761
TA-05707,6.35,0.71,186,6,19.05,22.1757927477284
TA-05708,6.35,0.71,191,6,19.05,22.2175236335917
TA-05712,6.35,0.71,111,3,19.05,21.3550853257513
TA-05714,6.35,0.71,153,2,19.05,21.6360732905638
TA-05733,19.05,1.24,51,3,38.1,28.1739120758055
TA-05734,12.7,1.65,202,5,38.1,22.8017560356771
TA-05736,6.35,0.71,137,8,19.05,21.9059330191461
TA-05739,19.05,3.05,131,5,50.8,29.5120824824869
TA-05743,19.05,1.65,21,1,38.1,21.6972785898299
TA-05759,12.7,1.24,31,2,38.1,21.4830600423986
TA-05780,19.05,1.65,167,9,50.8,23.24132136677
TA-05815,12.7,1.65,102,4,38.1,22.1090233303473
TA-05816,12.7,1.65,107,5,38.1,28.3269253239708
TA-05817,12.7,1.24,36,3,38.1,27.6981799769645
TA-05844,9.52,1.65,104,6,31.75,28.3519638554887
TA-05846,15.88,1.65,212,2,50.8,29.0363503836459
TA-05848,15.88,1.65,200,4,50.8,29.1865815727536
TA-05850,15.88,1.65,239,0,0,29.1949277499263
TA-05852,15.88,1.65,178,2,50.8,25.2110191795151
TA-05864,19.05,3.05,129,5,50.8,29.487043950969
TA-05973,6.35,0.71,58,4,19.05,20.9850714710972
TA-05995,19.05,1.65,68,2,50.8,22.0478180310812
TA-05996,19.05,1.65,79,3,50.8,28.3018867924528
TA-06074,6.35,0.71,82,4,19.05,21.1825976641832
TA-06090,6.35,0.71,110,3,19.05,21.3467391485786
TA-06091,6.35,0.71,214,9,19.05,22.6070119016486
TA-06094,6.35,0.71,166,6,19.05,22.011651263333
TA-06095,6.35,0.71,120,4,19.05,21.4969703376863
TA-06097,6.35,0.71,174,7,19.05,22.1424080390378
TA-06119,6.35,0.71,106,6,19.05,21.5136626920316
TA-06134,19.05,1.24,34,2,38.1,21.7863044796715
TA-06168,6.35,0.71,137,7,19.05,21.8391636017649
TA-06179,6.35,0.71,59,3,19.05,20.9266482308886
TA-06181,6.35,0.71,129,8,19.05,21.8391636017649
TA-06182,6.35,0.71,99,4,19.05,21.3244826761182
TA-06207,19.05,1.65,48,3,50.8,29.2589151082499
TA-06208,19.05,1.65,61,2,50.8,29.2700433444801
TA-06225,6.35,0.71,64,4,19.05,21.0351485341331
TA-06237,12.7,1.24,107,4,38.1,22.0589462673114
TA-06238,9.52,0.89,63,2,31.75,27.6842696816768
TA-06239,9.52,0.89,71,2,31.75,21.6026885818732
TA-06246,19.05,1.65,221,1,50.8,29.0335683245884
TA-06247,19.05,1.65,228,4,50.8,29.2756074625952
TA-06249,19.05,1.65,204,2,50.8,28.9974015568402
TA-06250,19.05,1.65,201,2,50.8,28.9779271434374
TA-06253,19.05,1.65,177,1,50.8,26.2960222119595
TA-06254,19.05,1.65,176,3,50.8,26.4239969286068
TA-06261,25.4,2.11,71,2,63.5,30.3077513729461
TA-06277,6.35,0.71,137,6,19.05,21.7723941843837
TA-06283,12.7,1.24,138,4,63.5,22.1396259799803
TA-06287,6.35,0.71,172,5,19.05,28.844388308675
TA-06290,6.35,0.71,172,5,19.05,28.844388308675
TA-06292,6.35,0.71,211,7,19.05,23.018756642166
TA-06294,6.35,0.71,208,5,19.05,29.0892095057394
TA-06295,6.35,0.71,171,5,19.05,28.8388241905599
TA-06296,6.35,0.71,153,4,19.05,28.646862115589
TA-06297,6.35,0.71,211,7,19.05,23.018756642166
TA-06305,12.7,1.65,54,5,25.4,28.0375911819856
TA-06306,12.7,1.65,71,4,25.4,21.9142791963188
TA-06308,12.7,1.65,77,6,25.4,28.2545917884745
TA-06312,6.35,0.71,115,3,19.05,21.3884700344419
TA-06313,6.35,0.71,115,3,19.05,21.3884700344419
TA-06316,6.35,0.71,244,6,19.05,22.654306905627
TA-06317,6.35,0.71,248,6,19.05,22.6876916143176
TA-06319,6.35,0.71,63,3,19.05,21.7417915347507
TA-06320,9.52,1.24,29,2,19.05,27.528474374454
TA-06321,9.52,1.24,11,1,19.05,27.3698970081737
TA-06323,6.35,0.71,104,6,19.05,21.4997523967439
TA-06336,12.7,1.65,203,6,38.1,22.8740895711734
TA-06339,6.35,0.71,67,2,19.05,20.9266482308886
TA-06342,6.35,0.71,191,6,19.05,22.2175236335917
TA-06343,6.35,0.71,109,2,19.05,21.2716235540248
TA-06344,6.35,0.71,95,5,19.05,21.3578673848088
TA-06364,6.35,0.71,154,4,19.05,21.7779583024988
TA-06365,6.35,0.71,154,4,19.05,21.7779583024988
TA-06368,6.35,0.71,221,5,19.05,22.3983574723324
TA-06369,6.35,0.71,78,5,19.05,21.2159823728738
TA-06371,6.35,0.71,199,5,19.05,22.2175236335917
TA-06372,6.35,0.71,182,5,19.05,22.0756386216567
TA-06376,6.35,0.71,115,6,19.05,21.5887782865855
TA-06388,15.88,1.65,222,2,50.8,29.208838045214
TA-06393,15.88,1.65,70,2,50.8,21.9893947908726
TA-06394,6.35,0.71,263,10,19.05,23.5751684536759
TA-06397,15.88,1.65,202,3,50.8,29.1337224506602
TA-06404,15.88,1.65,219,1,50.8,29.1198121553724
TA-06405,15.88,1.65,156,4,50.8,28.8777730173656
TA-06406,15.88,1.65,157,4,50.8,28.8861191945383
TA-06407,15.88,1.65,134,2,50.8,24.9022106241271
TA-06410,15.88,1.65,190,2,50.8,28.9834912615525
TA-06411,19.05,1.65,68,3,50.8,28.2434635522443
TA-06413,9.52,1.65,38,5,19.05,21.6360732905638
TA-06419,25.4,3.05,81,2,50.8,23.0048463468782
TA-06426,19.05,1.65,60,2,50.8,22.0005230271028
TA-06428,7.94,0.89,80,4,25.4,31.4817802952321
TA-06429,9.52,1.24,70,2,31.75,21.6221629952761
TA-06435,15.88,1.24,65,3,50.8,30.4579825620538
TA-06437,15.88,1.65,223,1,50.8,25.4614044946946
TA-06440,15.88,1.65,85,2,50.8,22.0951130350595
TA-06441,15.88,1.65,78,2,50.8,22.0450359720236
TA-06442,15.88,2.41,223,1,50.8,26.3349710387652
TA-06443,15.88,2.41,221,0,0,29.9321734001769
TA-06457,15.88,2.41,28,1,38.1,21.7417915347507
TA-06465,25.4,1.65,40,2,63.5,28.9723630253223
TA-06472,19.05,1.24,135,5,50.8,22.5318963070948
TA-06473,22.22,1.65,135,5,38.1,26.0845857235857
TA-06475,19.05,1.65,151,7,50.8,22.8824357483461
TA-06526,12.7,0.89,74,2,38.1,27.8539752841873
TA-06536,9.52,0.89,31,2,31.75,21.4079444478447
TA-06558,9.52,0.89,98,4,31.75,21.869766251398
TA-06559,9.52,0.89,126,4,31.75,22.0060871452179
TA-06564,19.05,1.24,76,5,50.8,28.4159512138124
TA-06598,15.88,1.65,55,3,38.1,36.0304468543258
TA-06601,15.88,2.41,125,8,38.1,37.3463607885468
TA-06622,19.05,3.05,103,4,50.8,23.0271028193386
TA-06643,6.35,0.71,192,9,19.05,22.4261780629079
TA-06673,15.88,1.65,199,2,50.8,29.0474786198761
TA-06676,6.35,0.71,182,6,19.05,22.1424080390378
TA-06678,6.35,0.71,190,6,19.05,22.209177456419
TA-06680,6.35,0.71,182,0,0,21.7417915347507
TA-06683,6.35,0.71,154,2,19.05,21.6444194677365
TA-06687,12.7,1.65,29,3,25.4,21.5581756369524
TA-06694,12.7,1.65,29,3,25.4,21.5581756369524
TA-06725,25.4,1.65,175,8,63.5,29.7040445574579
TA-06726,9.52,1.24,55,6,19.05,21.8113430111894
TA-06727,9.52,0.89,112,2,19.05,21.8029968340168
TA-06730,9.52,0.89,55,3,19.05,27.7120902722523
TA-06755,9.52,0.89,23,2,19.05,21.368995621039
TA-06756,9.52,0.89,25,3,19.05,21.4468932746504
TA-06757,9.52,0.89,153,0,0,21.869766251398
TA-06758,9.52,0.89,155,4,31.75,22.1451900980954
TA-06761,19.05,2.11,136,5,50.8,28.9751450843799
TA-06762,15.88,1.65,83,3,38.1,28.1989506073235
TA-06784,9.52,0.89,213,9,19.05,28.9417603756893
TA-06798,25.4,1.65,212,7,50.8,23.3247831384965
TA-06817,12.7,1.24,121,5,38.1,22.2063953973615
TA-06838,19.05,2.11,96,6,50.8,28.6579903518192
TA-06841,6.35,0.71,136,12,19.05,22.1646645114982
TA-06842,6.35,0.71,199,5,19.05,22.2175236335917
TA-06853,9.52,1.24,158,4,19.05,28.393694741352
TA-06855,9.52,1.24,114,8,19.05,28.4298615091001
TA-06862,9.52,0.71,35,3,31.75,27.6175002642956
TA-06882,9.52,1.24,87,4,19.05,15.1427474502429
TA-06883,9.52,1.24,94,4,19.05,15.2540298125449
TA-06886,15.88,1.65,72,2,50.8,24.36527322602
TA-06897,9.52,1.24,181,5,19.05,28.5800926982078
TA-06911,9.52,0.71,39,3,31.75,27.6369746776985
TA-06914,9.52,0.71,36,3,31.75,27.6202823233532
TA-06957,9.52,1.24,120,5,31.75,28.7915291865816
TA-06966,6.35,0.89,43,2,19.05,27.7538211581155
TA-06983,19.05,2.11,169,4,50.8,22.8713075121159
TA-06986,19.05,1.65,113,5,50.8,28.6496441746465
TA-07014,9.52,1.65,140,6,31.75,28.5967850525531
TA-07017,6.35,0.71,166,7,19.05,22.0784206807142
TA-07019,6.35,0.71,96,6,19.05,21.4329829793627
TA-07020,6.35,0.71,93,5,19.05,21.3411750304635
TA-07021,6.35,0.71,159,5,19.05,21.8864586057433
TA-07023,6.35,0.71,94,5,19.05,21.3495212076362
TA-07025,9.52,1.24,182,7,19.05,28.7191956510853
TA-07026,9.52,1.24,184,7,19.05,28.7275418282579
TA-07073,12.7,1.65,25,2,25.4,27.5868976146626
TA-07074,25.4,1.65,78,3,63.5,28.7164135920277
TA-07075,25.4,1.65,94,3,63.5,28.8165677180995
TA-07126,22.22,1.65,132,6,38.1,26.1346627866216
TA-07139,15.88,1.65,187,2,50.8,28.9612347890921
TA-07147,9.52,1.24,36,3,19.05,21.5136626920316
TA-07148,9.52,1.24,39,3,19.05,21.5275729873194
TA-07149,9.52,1.24,28,2,19.05,21.4051623887872
TA-07151,9.52,1.24,31,2,19.05,21.4190726840749
TA-07152,9.52,1.24,34,2,19.05,21.4357650384202
TA-07155,9.52,1.24,40,4,19.05,21.5999065228157
TA-07156,9.52,1.24,41,4,19.05,21.6054706409308
TA-07157,9.52,1.24,28,3,19.05,21.4719318061684
TA-07159,9.52,1.24,34,3,19.05,21.5025344558014
TA-07160,9.52,1.24,36,3,19.05,27.6341926186409
TA-07166,6.35,0.71,90,3,19.05,21.1825976641832
TA-07168,6.35,0.71,150,5,19.05,21.8113430111894
TA-07170,25.4,2.11,120,4,50.8,29.2477868720197
TA-07171,25.4,2.11,112,4,50.8,29.1837995136961
TA-07194,9.52,1.24,57,4,31.75,21.6889324126573
TA-07196,12.7,1.24,35,2,25.4,27.6258464414683
TA-07199,12.7,1.24,70,3,25.4,21.7751762434413
TA-07201,12.7,1.24,47,3,25.4,21.6416374086789
TA-07202,9.52,1.24,16,2,19.05,27.4617049570728
TA-07203,9.52,1.24,22,2,19.05,21.3717776800966
TA-07206,9.52,1.24,27,2,31.75,21.3995982706721
TA-07221,9.52,0.71,216,3,19.05,21.758483889096
TA-07229,6.35,0.71,99,4,19.05,21.3244826761182
TA-07243,25.4,1.65,255,5,63.5,30.9003299522042
TA-07249,25.4,1.65,214,3,63.5,29.5705057226955
TA-07256,12.7,1.65,73,3,19.05,21.8502918379951
TA-07272,9.52,1.65,28,2,31.75,27.6926158588495
TA-07285,9.52,1.24,225,4,19.05,28.7414521235457
TA-07292,19.05,1.65,58,2,38.1,24.4654273520918
TA-07295,15.88,1.65,127,6,50.8,25.7729951091402
TA-07297,15.88,1.24,129,7,50.8,25.736828341392
TA-07339,9.52,1.24,20,2,19.05,21.3634315029239
TA-07408,9.52,0.89,56,4,19.05,27.9763858827195
TA-07411,12.7,1.65,101,6,25.4,22.234215987937
TA-07452,25.4,2.41,136,6,63.5,23.7587843514742
TA-07507,19.05,2.11,135,5,50.8,28.9667989072072
TA-07524,19.05,2.11,95,1,38.1,28.3185791467981
TA-07534,9.52,0.71,27,2,31.75,27.5117820201087
TA-07535,9.52,0.71,37,3,31.75,27.6258464414683
TA-07569,12.7,3.05,141,7,25.4,27.1584605197999
TA-07600,12.7,1.65,33,2,25.4,27.639756736756
TA-07690,25.4,1.65,131,3,63.5,29.0502606789337
TA-07697,9.52,0.89,73,1,31.75,27.72600056754
TA-07717,9.52,0.89,21,1,19.05,21.2938800264852
TA-07736,6.35,0.71,99,7,19.05,21.5247909282618
TA-07737,6.35,0.71,107,8,19.05,21.6555477039667
TA-07738,6.35,0.71,102,8,19.05,21.616598877161
TA-07743,12.7,2.11,83,2,25.4,24.8354412067459
TA-07770,6.35,0.89,215,5,19.05,22.8573972168281
TA-07771,9.52,0.89,206,9,19.05,28.9055936079411
TA-07774,19.05,1.65,154,2,50.8,25.0802624038103
TA-07799,19.05,3.05,202,3,50.8,26.5853563539447
TA-07801,19.05,3.05,202,3,50.8,26.5853563539447
TA-07802,19.05,3.05,78,0,0,27.386589362519
TA-07803,25.4,3.05,112,0,0,28.6607724108767
TA-07871,12.7,1.65,92,5,38.1,22.092330976002
TA-07883,9.52,0.89,77,5,31.75,21.8335994836498
TA-07892,25.4,1.65,43,1,63.5,28.3630920917189
TA-07986,9.52,1.24,27,2,31.75,21.3995982706721
TA-07991,6.35,0.71,67,4,19.05,21.060187065651
TA-07993,6.35,0.71,72,4,19.05,21.1019179515143
TA-07994,9.52,1.65,80,6,31.75,22.0700745035416
TA-07996,9.52,1.65,184,6,31.75,22.7767175041592
TA-08007,15.88,1.65,146,4,50.8,28.8082215409269
TA-08008,15.88,1.65,162,0,0,28.6524262337041
TA-08009,15.88,1.65,157,4,50.8,28.8861191945383
TA-08011,15.88,1.65,160,4,50.8,28.9055936079411
TA-08015,6.35,0.71,132,6,19.05,21.7306632985205
TA-08016,6.35,0.71,217,5,19.05,22.3649727636418
TA-08019,6.35,0.71,194,5,19.05,22.1757927477284
TA-08020,6.35,0.71,142,6,19.05,21.8113430111894
TA-08021,6.35,0.71,182,1,19.05,21.8085609521319
TA-08024,15.88,1.65,166,0,0,28.6802468242796
TA-08025,15.88,1.65,195,3,50.8,29.0864274466818
TA-08030,6.35,0.71,225,5,19.05,22.431742181023
TA-08034,6.35,0.71,85,3,19.05,21.14086677832
TA-08077,19.05,2.11,38,1,50.8,27.948565292144
TA-08080,25.4,2.41,132,5,63.5,23.6530661072873
TA-08083,9.52,1.24,151,7,19.05,28.5578362257474
TA-08100,31.75,1.65,95,3,76.2,15.8299160374576
TA-08101,22.22,1.65,89,3,63.5,25.6867512783561
TA-08102,19.05,1.24,252,6,50.8,22.9992822287631
TA-08103,19.05,2.11,61,3,38.1,26.1430089637943
TA-08161,25.4,1.65,154,7,63.5,29.4592233603935
TA-08162,25.4,1.65,107,5,63.5,29.0307862655308
TA-08164,12.7,1.24,70,3,38.1,28.3519638554887
TA-08169,15.88,1.24,178,5,50.8,22.7906277994469
TA-08173,19.05,1.24,190,5,38.1,25.5865971522843
TA-08193,15.88,1.24,109,6,38.1,30.1797766562989
TA-08195,12.7,1.24,79,3,25.4,28.0014244142375
TA-08205,19.05,1.24,28,2,38.1,24.2595549818332
TA-08228,9.52,1.24,31,3,19.05,27.6063720280654
TA-08229,9.52,1.24,39,3,19.05,21.5275729873194
TA-08230,9.52,1.24,39,4,19.05,21.5943424047006
TA-08237,25.4,2.11,99,1,63.5,25.0830444628679
TA-08248,12.7,1.24,189,7,38.1,28.9111577260562
TA-08249,12.7,1.24,188,6,25.4,28.8388241905599
TA-08265,19.05,1.65,154,1,50.8,25.0218391636018
TA-08268,31.75,1.65,22,0,0,10.3464776350272
TA-08289,15.88,1.24,120,5,50.8,22.4345242400806
TA-08291,15.88,1.24,136,6,50.8,22.598665724476
TA-08293,9.52,0.89,17,2,19.05,27.8484111660722
TA-08294,9.52,0.89,27,2,19.05,27.8957061700506
TA-08295,9.52,0.89,32,2,19.05,27.9207447015685
TA-08296,9.52,0.89,22,2,19.05,27.8706676385326
TA-08300,9.52,1.24,28,2,19.05,21.4413291565353
TA-08312,19.05,1.65,23,2,50.8,24.279029395236
TA-08313,12.7,1.65,33,2,38.1,27.639756736756
TA-08317,12.7,1.65,17,1,38.1,21.3467391485786
TA-08336,6.35,0.71,64,4,19.05,21.0351485341331
TA-08339,9.52,1.24,151,8,19.05,28.6246056431286
TA-08340,9.52,1.24,148,9,19.05,28.6746827061645
TA-08368,19.05,1.24,111,4,50.8,24.7742359074798
TA-08369,19.05,1.24,90,3,50.8,22.0951130350595
TA-08371,19.05,1.24,78,2,50.8,21.9754844955849
TA-08385,19.05,2.11,71,3,50.8,24.6796458995232
TA-08386,19.05,2.11,90,5,50.8,24.9355953328177
TA-08387,9.52,1.24,126,5,19.05,28.2935406152802
TA-08388,9.52,1.24,152,6,19.05,28.4938488674238
TA-08403,19.05,1.65,126,4,50.8,22.5318963070948
TA-08404,19.05,1.65,108,3,50.8,22.3566265864692
TA-08406,6.35,0.71,196,4,19.05,22.1257156846926
TA-08425,19.05,2.11,38,2,50.8,21.8836765466857
TA-08445,9.52,1.24,192,5,19.05,28.6357338793588
TA-08499,25.4,3.05,98,4,63.5,30.9615352514703
TA-08520,15.88,1.65,188,8,38.1,29.3395948209189
TA-08528,9.52,0.71,144,5,31.75,28.28241237905
TA-08534,9.52,0.89,42,3,31.75,21.5303550463769
TA-08649,12.7,1.65,52,3,38.1,21.7111888851177
TA-08687,9.52,1.24,30,2,19.05,21.4135085659598
TA-08696,15.88,1.65,450,4,50.8,31.3732799919877
TA-08697,15.88,1.65,241,6,50.8,29.6094545495012
TA-08718,9.52,0.71,53,3,31.75,27.7037440950796
TA-08719,9.52,0.71,45,4,31.75,27.7315646856551
TA-08720,9.52,0.71,45,3,31.75,27.664795268274
TA-08724,6.35,0.89,125,2,19.05,28.393694741352
TA-08725,6.35,0.89,122,2,19.05,22.0450359720236
TA-08726,6.35,0.89,106,5,19.05,22.1424080390378
TA-08728,6.35,0.89,142,6,19.05,22.4428704172532
TA-08729,6.35,0.89,81,4,19.05,21.9114971372612
TA-08735,6.35,0.89,65,3,19.05,21.7390094756931
TA-08750,12.7,0.89,173,9,38.1,25.3862889001408
TA-08762,12.7,1.65,44,2,25.4,21.591560345643
TA-08779,25.4,2.11,117,3,50.8,30.5720469834134
TA-08780,19.05,1.65,121,4,50.8,29.208838045214
TA-08823,15.88,1.24,251,4,50.8,25.6338921562627
TA-08824,15.88,1.24,251,2,50.8,29.0864274466818
TA-08842,19.05,1.65,21,0,0,27.7093082131947
TA-08848,25.4,3.05,111,2,63.5,28.368656209834
TA-08849,25.4,3.05,104,2,63.5,27.0944731614763
TA-08854,9.52,1.24,148,8,19.05,21.9170612553763
TA-08855,9.52,1.24,131,9,19.05,24.2512088046605
TA-08856,9.52,1.24,135,9,19.05,24.2122599778548
TA-08858,9.52,1.24,185,7,19.05,22.1257156846926
TA-08859,9.52,1.24,183,7,19.05,22.1257156846926
TA-08953,9.52,1.65,43,4,31.75,21.6833682945422
TA-08955,9.52,1.65,83,4,31.75,28.1349632489998
TA-08970,9.52,0.89,79,5,31.75,27.9624755874318
TA-08972,25.4,2.41,71,3,63.5,22.9519872247848
TA-08976,12.7,1.24,53,2,38.1,21.6110347590459
TA-09047,9.52,1.65,64,4,31.75,28.004206473295
TA-09063,6.35,0.89,31,3,19.05,27.7371288037702
TA-09066,6.35,0.89,33,2,19.05,27.6842696816768
TA-09070,15.88,1.65,60,2,50.8,21.9198433144339
TA-09081,12.7,2.11,112,2,38.1,25.1080829943858
TA-09106,25.4,2.11,127,4,63.5,29.3034280531707
TA-09122,9.52,1.24,143,2,19.05,28.1822582529782
TA-09125,19.05,1.65,120,4,50.8,22.4957295393467
TA-09126,19.05,1.65,128,3,50.8,24.9995826911414
TA-09134,12.7,2.11,50,2,38.1,21.6833682945422
TA-09135,12.7,2.11,53,2,38.1,21.7111888851177
TA-09140,9.52,0.89,36,2,19.05,21.4329829793627
TA-09141,9.52,0.89,21,2,19.05,21.3606494438664
TA-09199,12.7,1.65,167,3,38.1,28.6246056431286
TA-09200,6.35,0.71,129,3,19.05,21.505316514859
TA-09204,6.35,0.71,132,6,19.05,21.7306632985205
TA-09209,6.35,0.71,98,3,19.05,21.2493670815644
TA-09210,6.35,0.71,204,10,19.05,22.5903195473033
TA-09219,6.35,0.71,84,6,19.05,21.3328288532909
TA-09221,6.35,0.71,68,2,19.05,20.9349944080613
TA-09222,6.35,0.71,68,2,19.05,20.9349944080613
TA-09223,12.7,1.65,205,6,38.1,22.8879998664612
TA-09225,6.35,0.71,77,2,19.05,21.0073279435576
TA-09226,6.35,0.71,77,2,19.05,21.0073279435576
TA-09227,6.35,0.71,154,6,19.05,21.9114971372612
TA-09228,6.35,0.71,154,6,19.05,21.9114971372612
TA-09229,6.35,0.71,78,2,19.05,21.0156741207302
TA-09294,15.88,1.65,93,2,50.8,24.6852100176383
TA-09295,15.88,1.65,61,4,50.8,24.6240047183722
TA-09296,19.05,1.65,119,6,50.8,25.1442497621339
TA-09304,9.52,0.89,203,9,19.05,28.8916833126534
TA-09305,9.52,0.89,194,9,19.05,28.8471703677326
TA-09320,19.05,1.65,172,8,50.8,25.5977253885145
TA-09336,15.88,1.65,144,3,50.8,25.0385315179471
TA-09337,15.88,1.65,151,4,50.8,25.1553779983641
TA-09338,15.88,1.65,224,4,50.8,29.3562871752642
TA-09339,15.88,1.65,220,4,50.8,29.3284665846887
TA-09358,6.35,0.71,36,2,19.05,20.6706987975941
TA-09359,6.35,0.71,36,2,19.05,20.6706987975941
TA-09361,12.7,1.65,72,3,38.1,21.8308174245923
TA-09364,15.88,1.65,95,3,50.8,28.3825665051218
TA-09365,15.88,1.65,54,2,50.8,21.8781124285706
TA-09368,9.52,0.89,78,2,31.75,21.6388553496214
TA-09386,15.88,1.65,260,3,50.8,29.54268513212
TA-09387,15.88,1.65,261,3,50.8,29.5482492502351
TA-09389,15.88,1.65,224,2,50.8,25.5337380301909
TA-09392,15.88,1.65,268,3,50.8,25.9093160029601
TA-09399,19.05,2.11,143,4,50.8,22.7016019096053
TA-09403,6.35,0.71,228,7,19.05,22.5903195473033
TA-09405,6.35,0.71,237,7,19.05,22.6626530827996
TA-09407,6.35,0.71,218,7,19.05,22.5068577755769
TA-09408,6.35,0.71,223,7,19.05,22.5485886614401
TA-09409,6.35,0.71,228,7,19.05,22.5903195473033
TA-09441,19.05,1.65,279,9,50.8,29.9154810458316
TA-09442,19.05,1.65,92,3,50.8,24.7825820846525
TA-09447,15.88,1.65,200,5,50.8,29.2533509901348
TA-09448,19.05,1.24,60,2,50.8,34.3723396560262
TA-09496,6.35,0.89,86,4,19.05,21.9448818459518
TA-09497,6.35,0.89,86,4,19.05,21.9448818459518
TA-09499,6.35,0.89,165,4,19.05,28.6858109423947
TA-09501,6.35,0.89,178,4,19.05,28.7720547731787
TA-09569,12.7,1.65,49,2,38.1,21.6249450543336
TA-09575,12.7,2.11,161,10,25.4,23.8617205366035
TA-09581,15.88,1.65,214,2,50.8,25.4641865537522
TA-09583,15.88,1.65,213,2,50.8,25.4586224356371
TA-09588,15.88,1.65,46,2,50.8,27.9430011740289
TA-09590,15.88,1.65,176,6,50.8,29.153196864063
TA-09595,12.7,1.65,42,4,25.4,21.7111888851177
TA-09597,12.7,1.65,49,4,25.4,21.758483889096
TA-09600,12.7,1.65,64,4,25.4,27.9763858827195
TA-09601,9.52,1.65,55,2,31.75,21.6332912315063
TA-09675,15.88,1.65,70,3,50.8,28.2072967844961
TA-09716,15.88,1.65,223,4,50.8,26.0651113101829
TA-09731,6.35,0.71,86,6,19.05,21.3495212076362
TA-09764,25.4,2.11,102,3,63.5,25.2388397700906
TA-09769,12.7,1.24,54,2,38.1,21.616598877161
TA-09778,9.52,0.89,31,3,31.75,21.4747138652259
TA-09779,9.52,0.89,32,3,31.75,21.480277983341
TA-09792,15.88,1.65,38,1,50.8,27.8484111660722
TA-09794,15.88,1.65,48,2,50.8,27.9569114693167
TA-09797,9.52,0.89,291,7,31.75,29.1281583325451
TA-09804,22.22,1.65,40,2,63.5,25.3362118371049
TA-09819,9.52,0.89,25,3,19.05,27.5674232012597
TA-09884,25.4,3.05,164,7,63.5,26.6493437122683
TA-09914,15.88,2.41,103,6,50.8,29.3173383484585
TA-09939,6.35,0.71,43,3,19.05,20.7931093961263
TA-09940,6.35,0.71,46,3,19.05,20.8181479276442
TA-09942,6.35,0.71,43,3,19.05,20.7931093961263
TA-09998,12.7,1.24,87,4,38.1,29.9572119316949
TA-10002,9.52,0.89,32,2,19.05,21.4135085659598
TA-10003,12.7,1.24,74,5,25.4,21.9337536097216
TA-10005,12.7,1.24,110,5,38.1,22.1424080390378
TA-10007,12.7,1.24,82,3,38.1,21.8475097789376
TA-10048,6.35,0.89,61,2,19.05,21.647201526794
TA-10110,22.22,1.65,128,5,38.1,26.0428548377225
TA-10111,19.05,1.24,129,5,50.8,22.3983574723324
TA-10113,19.05,1.65,151,7,50.8,22.8824357483461
TA-10118,25.4,1.65,33,0,0,27.9986423551799
TA-10136,19.05,2.11,205,7,50.8,29.3813257067821
TA-10215,19.05,2.11,46,3,38.1,28.1238350127696
TA-10290,19.05,3.05,114,5,38.1,29.3479409980915
TA-10291,19.05,3.05,112,5,38.1,29.3229024665736
TA-10293,19.05,3.05,118,5,38.1,29.3980180611274
TA-10311,12.7,1.65,159,5,38.1,22.5513707204977
TA-10312,19.05,1.65,86,2,38.1,24.668517663293
TA-10314,19.05,1.65,20,1,38.1,27.8122443983241
TA-10317,12.7,1.65,54,5,25.4,21.8586380151678
TA-10318,12.7,1.65,54,5,25.4,21.8586380151678
TA-10324,22.22,1.65,83,5,63.5,25.7841233453704
TA-10328,9.52,0.89,35,2,31.75,27.7426929218853
TA-10338,9.52,0.89,25,2,19.05,27.5006537838785
TA-10364,19.05,1.65,39,2,50.8,24.3847476394229
TA-10389,9.52,1.65,69,4,31.75,28.0403732410432
TA-10427,6.35,0.71,174,7,19.05,22.1424080390378
TA-10460,9.52,1.65,18,1,31.75,27.4923076067059
TA-10482,6.35,0.71,155,5,19.05,21.8530738970527
TA-10483,9.52,0.71,76,4,31.75,27.8845779338204
TA-10492,19.05,2.11,141,4,50.8,25.9566110069385
TA-10493,9.52,0.89,131,4,19.05,28.2657200247047
TA-10495,6.35,0.71,158,5,19.05,28.7497983007183
TA-10496,9.52,0.89,136,5,31.75,28.2991047333953
TA-10518,12.7,1.24,72,2,38.1,29.684570144055
TA-10520,25.4,2.11,140,4,63.5,29.4063642383
TA-10521,9.52,0.89,124,7,19.05,28.3742203279491
TA-10534,12.7,1.65,140,6,38.1,28.6635544699343
TA-10548,9.52,0.89,67,2,31.75,27.7621673352882
TA-10620,25.4,2.11,39,2,50.8,13.9297697011512
TA-10689,12.7,1.24,42,2,38.1,27.7176543903674
TA-10751,25.4,1.65,57,2,63.5,22.5791913110731
TA-10764,9.52,0.71,49,3,31.75,27.6842696816768
TA-10765,9.52,0.71,49,3,31.75,27.6842696816768
TA-10767,9.52,0.71,51,4,31.75,27.7621673352882
TA-10774,12.7,1.24,212,8,38.1,22.9380769294971
TA-10779,9.52,0.71,87,3,38.1,20.9377764671188
TA-10780,25.4,2.41,72,3,50.8,33.5711066474519
TA-10786,15.88,1.24,29,2,31.75,21.480277983341
TA-10788,12.7,0.89,53.34,3,25.4,20.7931093961263
TA-10789,6.35,0.71,21,2,19.05,20.5455061400043
TA-10791,9.52,0.71,38.1,2,25.4,20.6011473211553
TA-10792,9.52,0.71,35.56,2,25.4,20.5872370258676
TA-10794,9.52,0.71,26,2,25.4,20.5343779037741
TA-10800,6.35,0.71,45.72,5,19.05,20.9516867624066
TA-10801,15.88,1.24,53,2,50.8,20.8737891087952
TA-10802,9.52,0.71,55.88,4,19.05,20.832058222932
TA-10804,6.35,0.71,35.56,2,25.4,20.665134679479
TA-10805,6.35,0.71,61,4,19.05,21.0101100026151
TA-10810,15.88,2.41,254,7,50.8,24.6100944230844
TA-10813,15.88,1.65,203,5,50.8,29.1754533365234
TA-10820,12.7,1.24,118,2,76.2,23.7198355246685
TA-10822,6.35,0.89,25,2,19.05,21.4107265069023
TA-10826,12.7,0.89,25,1,38.1,20.6178396755006
TA-10829,7.94,0.89,51,1,25.4,21.4357650384202
TA-10832,7.94,0.89,97,5,25.4,22.036689794851
TA-10834,6.35,0.71,338,2,19.05,23.2496675439426
TA-10840,12.7,0.89,182,2,38.1,31.6514858977426
TA-10867,9.52,0.71,101,0,0,21.6110347590459
TA-10871,19.05,1.65,49,2,38.1,24.4542991158616
TA-10872,19.05,1.65,53,3,38.1,29.289517757883
TA-10900,12.7,0.89,30,2,38.1,20.7235579196875
TA-10905,6.35,0.71,108,1,38.1,21.196507959471
TA-10906,6.35,0.71,96,2,50.8,21.1659053098379
TA-10907,6.35,0.71,66,2,38.1,20.918302053716
TA-10909,6.35,0.71,177,4,38.1,21.9671383184122
TA-10910,6.35,0.71,164,4,38.1,21.8614200742253
TA-10916,9.52,1.24,107,3,19,21.1241744239747
TA-10917,9.52,1.24,106,3,19,21.1186103058596
TA-10918,9.52,1.24,25,2,19.05,20.6317499707884
TA-10919,9.52,1.24,25,2,19.05,20.6317499707884
TA-10921,9.52,1.24,119,6,19,22.1368439209228
TA-10924,12.7,1.24,108,4,38.1,22.0172153814481
TA-10925,12.7,1.24,115,5,38.1,22.122933625635
TA-10926,12.7,1.24,115,5,38.1,22.122933625635
TA-10927,6.35,0.71,102,8,19.05,21.616598877161
TA-10934,6.35,0.71,74,3,25.4,21.0490588294208
TA-10937,9.52,0.89,31,3,25.4,21.4691497471108
TA-10940,6.35,0.71,90,5,19.05,21.3161364989456
TA-10945,6.35,0.89,29,1,25.4,21.3328288532909
TA-10946,6.35,0.89,25,2,25.4,21.3745597391541
TA-10947,6.35,0.71,115,3,25.4,21.4941882786288
TA-10949,6.35,0.71,193,8,25.4,22.4706910078287
TA-10950,6.35,0.71,139,6,25.4,21.8920227238584
TA-10952,4.76,0.71,4,3,25.4,20.5343779037741
TA-10954,6.35,0.71,34,2,25.4,20.6540064432488
TA-10955,6.35,0.71,76,2,19.05,20.9989817663849
TA-10956,12.7,0.89,36,3,38.1,20.7152117425149
TA-10957,9.52,1.24,143,6,25.4,22.2620365785125
TA-10958,9.52,1.24,39,1,25.4,21.3884700344419
TA-10959,9.52,1.24,154,5,25.4,22.2536904013398
TA-10962,7.94,0.89,60,4,25.4,21.227110609104
TA-10965,9.52,0.71,117,5,31.75,21.9142791963188
TA-10967,6.35,0.71,54,2,25.4,20.8181479276442
TA-10970,9.52,1.24,69,3,19.05,21.6778041764271
TA-10973,12.7,1.24,24,2,38.1,21.3912520934994
TA-10974,12.7,1.24,66,3,38.1,21.702842707945
TA-10976,9.52,1.24,123,5,25.4,22.092330976002
TA-10977,9.52,1.24,125,4,25.4,22.036689794851
TA-10981,9.52,1.65,36,2,25.4,21.4969703376863
TA-10983,9.52,0.71,168,7,38.1,22.4067036495051
TA-10984,7.94,0.71,24,2,25.4,20.8904814631405
TA-10988,6.35,0.71,200,1,38.1,21.9587921412396
TA-10989,6.35,0.71,196,1,38.1,21.925407432549
TA-10991,9.52,0.89,96,5,38.1,21.9198433144339
TA-10995,6.35,0.89,85,4,19.05,21.1492129554926
TA-11009,6.35,0.89,14,2,19.05,20.5510702581194
TA-11028,12.7,1.65,242,4,38.1,26.7328054839948
TA-11035,6.35,0.89,49,4,19.05,20.9127379356009
TA-11067,6.35,0.89,67,4,19.05,21.0323664750755
TA-11074,12.7,1.65,21,1,38.1,27.5451667287993
TA-11086,9.52,0.71,109,6,31.8,21.1909438413559
TA-11280,9.52,0.89,43,2,31.75,29.9599939907524
TA-11281,9.52,0.89,41,2,31.75,29.9488657545222
TA-11413,12.7,3.05,43,2,38.1,24.5683635372212
TA-11414,12.7,3.05,49,2,38.1,24.6740817814081
TA-11415,12.7,1.65,136,3,38.1,28.4382076862728
TA-11503,6.35,0.89,75,4,19.05,28.0960144221942
TA-11525,19.05,1.65,131,5,50.8,22.6264863150515
TA-11526,19.05,1.65,130,5,50.8,22.6209221969364
TA-11546,15.88,1.65,121,2,50.8,24.7102485491562
TA-11669,12.7,0.89,61,4,31.75,14.7894259499341
TA-11721,12.7,0.89,108,3,31.75,16.5059563884422
TA-11726,15.88,2.41,56,2,38.1,21.9114971372612
TA-11788,15.88,1.65,164,8,50.8,29.2004918680414
TA-12054,9.52,0.89,83,5,31.75,30.2966231367159
TA-12428,9.52,1.24,183,9,19.05,22.4067036495051
TA-13024,12.7,3.05,61,2,38.1,24.8883003288394
TA-13055,19.05,1.65,173,7,50.8,26.1068421960461
TA-13059,19.05,1.65,97,3,50.8,25.6450203924929
TA-13061,12.7,1.24,192,7,38.1,27.2057555237783
TA-13306,9.52,0.89,49,2,31.75,27.6759235045042
TA-13438,19.05,1.65,71,2,38.1,24.5794917734514
TA-13562,15.88,1.24,128,6,50.8,22.1507542162105
TA-13777,12.7,1.65,109,6,38.1,28.4409897453303
TA-13835,9.52,1.65,31,2,31.75,27.781641748691
TA-13836,25.4,3.05,66,3,63.5,30.3689566722122
TA-13851,9.52,0.89,67,4,19.05,27.8957061700506
TA-13852,9.52,0.89,62,4,19.05,27.8734496975902
TA-13853,25.4,1.65,131,4,63.5,30.7055858181757
TA-13944,12.7,1.65,112,7,38.1,24.9634159233932
TA-13946,12.7,1.65,70,4,38.1,24.4932479426673
TA-14742,6.35,0.71,195,9,19.05,22.4512165944259
TA-15368,15.88,0.89,16,1,38.1,30.327225786349
TA-17454,12.7,0.89,35,1,38.1,20.6067114392704
TA-17458,9.52,0.71,71,3,31.75,20.7819811598961
TA-17460,9.52,1.24,54,5,19.05,20.9822894120396
TA-17465,9.52,1.24,58,5,25.4,21.0017638254425
TA-17466,6.35,0.71,122,4,25.4,21.5136626920316
TA-17475,6.35,0.71,158,3,25.4,21.7863044796715
TA-17477,6.35,0.71,152,6,25.4,21.8948047829159
TA-17479,9.52,1.65,49,5,25.4,21.0323664750755
TA-17481,12.7,1.24,63,5,50.8,21.7445735938082
TA-17483,6.35,0.89,118,5,25.4,32.9980024815967
TA-17488,9.52,1.65,53,4,25.4,25.5170456758456
TA-17493,15.88,0.89,93,3,38.1,21.4997523967439
TA-17496,12.7,1.24,87,3,38.1,21.8280353655347
TA-17498,12.7,1.24,74,3,38.1,21.7501377119233
TA-17499,12.7,1.24,159,4,38.1,21.5637397550675
TA-17501,6.35,0.71,209,0,0,21.9643562593547
TA-17503,6.35,0.89,122,7,25.4,21.591560345643
TA-17504,6.35,0.89,104,4,25.4,21.2744056130824
TA-17505,6.35,0.89,70,5,25.4,21.1186103058596
TA-17507,12.7,0.89,32,1,38.1,20.58445496681
TA-17509,7.94,0.89,31,1,38.1,21.5693038731826
TA-17511,9.52,0.71,110,5,38.1,21.196507959471
TA-17512,6.35,0.71,93,4,25.4,21.2744056130824
TA-17513,6.35,0.71,93,4,25.4,21.2744056130824
TA-17515,6.35,0.71,89,3,25.4,21.1742514870106
TA-17516,6.35,0.71,116,3,25.4,21.3968162116145
TA-17517,6.35,0.71,116,3,25.4,21.3968162116145
TA-17522,19.05,1.65,48,2,38.1,21.7195350622903
TA-17525,9.52,0.89,162,3,31.8,22.1062412712897
TA-17526,12.7,1.24,60,2,38.1,21.6026885818732
TA-17528,15.88,1.24,75,2,38.1,38.395197053243
TA-17530,9.52,0.71,62,4,38.1,20.8654429316225
TA-17531,9.52,0.89,178,5,38.1,22.3176777596635
TA-17532,6.35,0.89,63,2,25.4,20.8710070497376
TA-17534,9.52,0.71,161,4,38.1,22.1730106886709
TA-17535,7.94,0.89,27,2,25.4,21.6082526999883
TA-17542,9.52,0.89,26,2,38.1,21.3773417982117
TA-17544,12.7,1.24,50,4,38.1,21.6778041764271
TA-17545,12.7,1.24,45,2,38.1,21.5136626920316
TA-17547,9.52,0.71,75,4,38.1,20.9377764671188
TA-17548,6.35,0.71,25,2,25.4,20.5788908486949
TA-17549,6.35,0.71,25,2,25.4,20.5788908486949
TA-17552,6.35,0.71,130,7,25.4,21.7807403615564
TA-17554,6.35,0.71,165,6,38.1,22.0033050861604
TA-17555,25.4,1.65,67,3,50.8,18.4645259649572
TA-17557,9.52,0.89,79,6,25.4,21.1519950145502
TA-17558,9.52,0.89,107,7,25.4,21.3550853257513
TA-17559,9.52,0.89,43,3,25.4,20.776417041781
TA-17562,6.35,0.71,18,1,25.4,20.4536981911052
TA-17563,9.52,0.71,57,2,38.1,20.7040835062847
TA-17564,6.35,0.71,36,2,19.05,20.6706987975941
TA-17565,6.35,0.71,31,2,19.05,20.6289679117308
TA-17572,6.35,0.71,118,1,38.1,21.2799697311975
TA-17578,12.7,1.24,31,2,25.4,21.4329829793627
TA-17579,12.7,1.24,31,2,25.4,21.4329829793627
TA-17583,9.52,0.89,50,4,25.4,20.8765711678528
TA-17589,12.7,1.24,85,4,25.4,21.1297385420898
TA-17590,12.7,1.24,145,6,25.4,21.6138168181034
TA-17591,12.7,1.24,161,7,25.4,21.7751762434413
TA-17592,12.7,1.24,65,2,25.4,20.8793532269103
TA-17593,12.7,1.24,71,4,25.4,21.8002147749592
TA-17611,25.4,2.41,53,2,50.8,27.0666525709008
TA-17621,6.35,0.89,24,3,12.7,27.5896796737201
TA-17627,9.52,0.71,122,8,19.05,28.3770023870067
TA-17629,25.4,1.65,144,5,50.8,29.264479226365
TA-17630,6.35,0.89,21,2,12.7,27.6063720280654
TA-17631,6.35,0.89,16,1,12.7,21.2855338493126
TA-17632,6.35,0.89,30,2,12.7,21.4441112155929
TA-17636,6.35,0.89,122,7,25.4,33.1593619069346
TA-18648,6.35,0.71,46,3,19.05,21.6277271133912
TA-18649,9.52,1.65,62,4,19.05,21.814125070247
TA-18651,25.4,1.65,107,3,50.8,30.2242896012197
TA-18654,6.35,0.71,31,2,31.75,21.4580215108806
TA-18657,25.4,2.41,45,3,50.8,22.709948086778
TA-18663,9.52,0.71,57,2,19.05,27.8511932251298
TA-18664,9.52,0.71,35,2,19.05,27.7426929218853
TA-18666,9.52,0.89,92,6,31.75,21.9671383184122
TA-18668,19.05,1.65,54,2,50.8,28.6719006471069
TA-18671,19.05,1.24,259,9,50.8,19.0737968985606
TA-18673,9.52,0.89,56,2,31.75,21.5303550463769
TA-18674,9.52,0.89,28,2,31.75,21.394034152557
TA-18676,9.52,0.89,64,2,31.75,21.5693038731826
TA-18677,9.52,0.89,36,2,31.75,21.4329829793627
TA-18680,19.05,2.11,153,6,50.8,28.9779271434374
TA-18683,6.35,0.71,136,5,19.05,21.6972785898299
TA-18684,6.35,0.71,136,5,19.05,21.6972785898299
TA-18689,9.52,0.71,66,4,31.75,27.8345008707845
TA-18691,9.52,1.65,94,4,38.1,22.0227794995632
TA-18692,6.35,0.89,31,2,19.05,21.449675333708
TA-18693,6.35,0.89,24,2,19.05,21.4023803297296
TA-18695,9.52,0.89,92,5,31.75,21.9059330191461
TA-18696,9.52,0.71,28,2,31.75,27.5145640791663
TA-18697,9.52,1.24,65,3,31.75,21.6638938811393
TA-18698,25.4,1.65,208,6,76.2,19.0543224851577
TA-18701,19.05,1.65,111,6,38.1,28.9695809662647
TA-18706,22.22,2.11,118,5,38.1,26.688292539074
TA-18719,6.35,0.71,119,3,19.05,21.4218547431325
TA-18720,6.35,0.71,185,4,19.05,22.0339077357934
TA-18722,6.35,0.71,177,4,19.05,21.9671383184122
TA-18724,6.35,0.71,45,3,25.4,20.8098017504716
TA-18726,9.52,0.71,15,3,31.75,20.5399420218892
TA-18727,9.52,0.89,29,2,31.75,20.6428782070186
TA-18732,6.35,0.71,9,2,19.05,20.4481340729901
TA-18742,6.35,0.89,109,8,19.05,22.3260239368361
TA-18881,4.76,0.71,44,2,19.05,20.5149034903713
TA-18882,9.52,0.71,148,5,38.1,21.480277983341
TA-18883,12.7,0.89,98,5,31.75,21.338392971406
TA-18886,12.7,0.89,98,5,31.75,21.338392971406
TA-18890,9.52,1.24,31,1,19.05,20.5955832030402
TA-18894,6.35,0.71,31,2,25.4,20.7152117425149
TA-18896,6.35,0.71,98,4,25.4,21.3161364989456
TA-18899,9.52,1.24,116,3,38.1,21.9226253734914
TA-18902,6.35,0.71,47,3,19.05,20.8264941048169
TA-18903,6.35,0.71,55,3,19,20.893263522198
TA-18906,6.35,0.71,149,7,19.05,21.9365356687792
TA-18907,6.35,0.71,217,7,19.05,22.4985115984042
TA-18908,12.7,1.24,88,3,38.1,21.8335994836498
TA-18910,12.7,1.24,104,4,38.1,21.2410209043918
TA-18911,15.88,0.89,174,3,38.1,22.2676006966276
TA-18912,15.88,0.89,55,3,38.1,21.1380847192624
TA-18914,12.7,0.89,118,7,38.1,21.6193809362185
TA-18916,12.7,0.89,100,5,31.75,21.3523032666937
TA-18917,12.7,0.89,100,5,31.75,21.3523032666937
TA-18920,6.35,0.71,138,6,19.05,21.7779583024988
TA-18921,6.35,0.71,150,4,19.05,21.7445735938082
TA-18922,6.35,0.71,214,7,19.05,22.4734730668863
TA-18923,12.7,1.24,55,4,38.1,21.7056247670026
TA-18926,9.52,1.24,28,3,25.4,21.4635856289957
TA-18930,7.94,0.71,97,5,25.4,21.505316514859
TA-18932,7.94,0.71,86,5,25.4,21.4023803297296
TA-18933,7.94,0.71,82,5,25.4,21.3634315029239
TA-18937,6.35,0.71,128,7,19.05,21.7640480072111
TA-18939,9.52,0.71,91,3,38.1,20.9600329395792
TA-18942,7.94,0.71,70,2,25.4,21.0490588294208
TA-18946,12.7,0.89,46,2,38.1,20.7541605693206
TA-18947,12.7,0.89,17,0,0,20.4064031871269
TA-18949,7.94,0.71,141,7,25.4,22.0561642082538
TA-18950,6.35,0.71,80,4,19,21.1659053098379
TA-18954,12.7,0.89,105,4,38.1,21.3244826761182
TA-18955,12.7,0.89,118,7,38.1,21.6193809362185
TA-18956,6.35,0.71,82,5,25.4,21.3356109123484
TA-18958,7.94,0.71,87,6,25.7,21.4774959242835
TA-18961,7.94,0.71,86,4,25.4,21.3356109123484
TA-18965,9.52,0.71,79,5,25.4,21.0268023569604
TA-18967,9.52,0.71,138,8,25.4,21.5526115188373
TA-18975,6.35,0.71,94,2,25.4,21.1492129554926
TA-18976,6.35,0.71,192,5,25.4,22.1591003933831
TA-18980,6.35,0.71,230,2,25.4,22.2731648147427
TA-18996,6.35,0.89,112,3,19.05,21.2604953177946
TA-18997,6.35,0.89,108,4,19.05,21.2994441446003
TA-19001,6.35,0.89,158,6,19.05,21.7612659481535
TA-19002,6.35,0.89,156,6,19.05,21.7473556528658
TA-19006,6.35,0.89,40,4,19.05,21.6054706409308
TA-19021,6.35,0.89,190,7,19.05,22.036689794851
TA-19045,9.52,1.24,54,5,25.4,20.9822894120396
TA-19063,25.4,1.65,153,7,38.1,29.4536592422784
TA-19065,12.7,1.65,7,0,0,20.4620443682778
TA-19066,12.7,1.65,29,2,19.05,21.4886241605137
TA-19070,6.35,0.71,183,3,19.05,21.9504459640669
TA-19072,6.35,0.71,44,2,19.05,20.7346861559177
TA-19076,6.35,0.71,253,6,19.05,22.7294225001808
TA-19077,6.35,0.71,159,4,19.05,21.8196891883621
TA-19083,9.52,0.71,93,4,31.75,20.9795073529821
TA-19109,6.35,0.71,23,3,19.05,20.6289679117308
TA-19111,9.52,0.71,58,3,31.75,20.776417041781
TA-19114,9.52,0.71,102,5,38.1,21.1519950145502
TA-19115,15.88,0.89,113,6,63.5,21.8892406648008
TA-19116,15.88,0.89,78,4,63.5,21.4218547431325
TA-19122,12.7,0.89,143,5,38.1,21.672240058312
TA-19124,22.22,2.41,114,4,63.5,26.3210607434775
TA-19125,22.22,2.41,105,3,63.5,26.1819577906
TA-19126,22.22,2.41,97,2,63.5,26.0484189558376
TA-19128,6.35,0.71,43,3,25.4,20.7931093961263
TA-19133,12.7,1.24,25,1,38.1,20.5788908486949
TA-19135,9.52,0.71,135,6,38.1,21.4023803297296
TA-19143,15.88,1.65,114,6,38.1,55.6523093872237
TA-19147,15.88,2.41,52,0,0,21.9337536097216
TA-19151,9.52,1.24,55,4,25.4,21.672240058312
TA-19154,6.35,0.71,143,8,25.4,21.9532280231245
TA-19157,12.7,1.24,86,5,38.1,21.9532280231245
TA-19158,25.4,1.65,31,1,76.2,17.9971400432888
TA-19164,7.94,0.89,22,2,19.05,21.5720859322402
TA-19165,15.88,0.89,191,3,63.5,22.4289601219655
TA-19166,15.88,0.89,148,4,38.1,22.0867668578869
TA-19167,9.52,0.71,115,5,38.1,21.2243285500465
TA-19168,9.52,0.71,115,5,38.1,21.2243285500465
TA-19170,9.52,0.71,117,7,38.1,21.368995621039
TA-19172,6.35,0.71,177,9,19.05,22.3009854053182
TA-19173,6.35,0.71,177,9,19.05,22.3009854053182
TA-19176,9.52,0.71,40,2,38.1,20.6122755573855
TA-19178,15.88,0.89,66,3,63.5,21.2438029634493
TA-19179,15.88,1.24,163,7,31.8,21.8836765466857
TA-19183,12.7,1.65,108,6,38.1,27.6369746776985
TA-19185,7.94,0.89,43,2,25.4,21.7223171213478
TA-19186,7.94,0.89,32,1,25.4,21.5776500503553
TA-19188,9.52,1.24,79,5,25.4,21.8642021332829
TA-19189,6.35,0.71,53,2,19.05,20.8098017504716
TA-19190,6.35,0.71,58,3,19.05,20.918302053716
TA-19191,6.35,0.71,74,4,19.05,21.115828246802
TA-19194,9.52,1.24,54,4,19.05,20.9155199946584
TA-19195,9.52,1.24,41,3,19.05,20.7791991008385
TA-19196,9.52,1.24,61,3,19.05,20.8849173450254
TA-19197,9.52,1.24,51,4,19.05,20.8988276403131
TA-19198,19.05,2.11,351,2,63.5,25.5671227388815
TA-19218,12.7,0.89,130,4,38.1,21.5080985739165
TA-19224,9.52,0.71,37,1,38.1,20.528813785659
TA-19226,9.52,0.71,30,2,38.1,20.5566343762345
TA-19229,9.52,0.71,60,3,38.1,20.7875452780112
TA-19233,12.7,1.24,238,7,90,22.2230877517068
TA-19301,6.35,0.71,127,4,19.05,21.5553935778949
TA-19304,19.05,1.65,60,4,38.1,25.0663521085226
TA-19306,12.7,0.89,45,3,38.1,20.7458143921479
TA-19308,12.7,0.89,74,1,38.1,21.5303550463769
TA-19309,9.52,0.71,102,6,31.75,21.1575591326653
TA-19310,9.52,0.71,102,6,31.75,21.1575591326653
TA-19313,6.35,0.71,61,4,19.05,21.0101100026151
TA-19314,9.52,0.71,70,4,31.75,21.616598877161
TA-19315,6.35,0.71,23,2,19.05,20.5621984943496
TA-19320,6.35,0.71,76,5,31.75,21.1992900185285
TA-19321,6.35,0.71,32,3,9999,20.7040835062847
TA-19330,12.7,1.24,73,6,38.1,30.4162516761906
TA-19336,9.52,1.24,60,4,25.4,20.9461226442915
TA-19342,6.35,0.71,90,7,25.4,21.449675333708
TA-19343,6.35,0.89,50,6,25.4,21.0518408884784
TA-19344,6.35,0.89,26,2,19.05,20.6289679117308
TA-19352,9.52,1.24,55,5,19.05,20.9878535301547
TA-19359,9.52,0.71,39,2,25.4,21.3328288532909
TA-19360,9.52,0.71,41,3,25.4,20.6567885023063
TA-19361,12.7,0.89,51,3,38.1,20.9433405852339
TA-19367,12.7,1.24,31,2,38.1,20.6818270338243
TA-19368,12.7,1.24,33,3,38.1,20.7597246874357
TA-19371,6.35,0.89,28,2,25.4,20.6428782070186
TA-19372,12.7,1.24,95,5,25.4,21.2549311996795
TA-19375,12.7,1.24,53,4,19.05,27.9151805834534
TA-19378,9.52,0.89,67,6,19.05,29.3618512933793
TA-19383,12.7,1.24,30,2,25.4,21.4274188612476
TA-19384,19.05,1.65,96,4,50.8,27.4839614295332
TA-19388,12.7,2.11,7,0,0,33.7853251948832
TA-19400,9.52,0.71,23,1,31.75,20.4509161320477
TA-19401,15.88,0.89,153,3,38.1,22.067292444484
TA-19403,7.94,0.71,49,3,25.4,20.9155199946584
TA-19404,7.94,0.71,75,8,25.4,21.4969703376863
TA-19406,9.52,1.24,150,7,25.4,22.3649727636418
TA-19408,15.88,0.89,126,6,38.1,22.011651263333
TA-19411,9.52,0.89,50,3,31.75,21.56095769601
TA-19412,6.35,0.89,55,3,19.05,21.6360732905638
TA-19413,12.7,0.89,127,4,38.1,21.4858421014561
TA-19414,12.7,0.89,175,7,38.1,22.0394718539085
TA-19415,12.7,0.89,24,1,38.1,20.5260317266015
TA-19433,19.05,1.65,73,2,38.1,17.1708685031966
TA-19440,6.35,0.89,34,3,19.05,21.535919164492
TA-19444,6.35,0.89,122,7,25.4,28.5300156351719
TA-19445,12.7,1.24,140,7,50.8,28.5244515170568
TA-19447,12.7,1.24,63,5,50.8,21.7668300662686
TA-19448,12.7,1.24,135,6,50.8,28.4270794500426
TA-19449,6.35,0.89,118,5,25.4,28.3714382688916
TA-19451,6.35,0.71,18,1,19.05,20.442569954875
TA-19483,12.7,1.65,190,3,254,26.3127145663048
TA-19544,6.35,0.89,79,6,19.05,21.9949589089877
TA-19565,6.35,0.71,69,5,19.05,21.1436488373775
TA-19579,9.52,0.89,89,5,31.75,42.1287203084747
TA-19661,9.52,1.24,88,6,19.05,21.9031509600886
TA-19703,9.52,1.65,29,2,25.4,24.4682094111494
TA-19704,9.52,1.65,73,4,25.4,24.9022106241271
TA-19705,6.35,0.71,181,11,25.4,22.4679089487712
TA-19708,12.7,1.24,117,3,38.1,32.3748212527056
TA-19717,6.35,0.71,76,5,19.05,21.2855338493126
TA-19722,9.52,0.71,222,6,19.05,21.8808944876282
TA-19730,9.52,0.71,110,7,31.75,21.3300467942333
TA-19732,6.35,0.89,120,8,19.05,22.3955754132749
TA-19735,12.7,1.24,139,2,50.8,21.313354439888
TA-19736,6.35,0.71,22,3,19.05,20.6206217345582
TA-19739,9.52,1.24,93,6,31.75,21.8920227238584
TA-19742,15.88,1.24,50,3,38.1,20.9238661718311
TA-19747,6.35,0.89,69,7,19.1,21.2438029634493
TA-19753,25.4,1.65,41,2,50.8,17.7022417831886
TA-19761,25.4,2.41,75,4,63.5,30.0935328255148
TA-19763,9.52,0.71,118,4,25.4,21.0574050065935
TA-19764,19.05,2.11,41,2,50.8,21.1631232507804
TA-19766,19.05,2.11,50,2,50.8,21.2688414949673
TA-19767,19.05,2.11,151,4,50.8,23.3442575518993
TA-19770,12.7,1.24,89,4,25.4,21.9059330191461
TA-19791,19.05,1.65,90,3,38.1,22.0394718539085
TA-19798,19.05,1.65,55,3,38.1,21.8280353655347
TA-19804,9.52,0.71,55,3,38.1,20.7597246874357
TA-19805,9.52,0.89,126,8,25.4,21.5136626920316
TA-19811,9.52,0.71,112,5,38.1,21.2076361957012
TA-19812,9.52,0.71,112,5,38.1,21.2076361957012
TA-19827,7.94,0.71,97,4,25.4,21.4385470974778
TA-19828,6.35,0.89,74,5,25.4,21.8948047829159
TA-19829,9.52,1.65,72,5,25.4,21.9420997868943
TA-19830,9.52,0.89,92,4,25.4,21.8335994836498
TA-19831,9.52,1.24,132,7,25.4,22.2731648147427
TA-19836,6.35,0.71,230,8,19.05,22.6737813190298
TA-19838,9.52,0.71,31,2,38.1,20.5621984943496
TA-19840,7.94,0.89,38,3,19.05,21.7529197709809
TA-19912,6.35,0.71,173,10,19.05,22.3343701140088
TA-19913,6.35,0.71,179,10,19.05,22.3844471770447
TA-19914,6.35,0.71,131,3,19.05,21.5220088692043
TA-19915,6.35,0.71,117,3,19.05,21.4051623887872
TA-19920,6.35,0.71,266,0,0,22.4345242400806
TA-19921,12.7,0.89,105,4,50.8,21.3244826761182
TA-19922,12.7,0.89,105,4,50.8,21.3244826761182
TA-19923,12.7,0.89,127,4,38.1,21.4858421014561
TA-19932,12.7,0.89,114,4,38.1,21.3912520934994
TA-19935,6.35,0.89,36,3,19.05,20.7986735142414
TA-19936,6.35,0.89,64,5,19.05,21.115828246802
TA-19937,6.35,0.89,115,5,19.05,21.449675333708
TA-19940,6.35,0.89,29,2,19.05,20.6846090928818
TA-19948,9.52,0.71,44,4,31.75,27.7287826265976
TA-19950,12.7,1.24,50,2,38.1,21.591560345643
TA-19954,12.7,1.65,114,5,38.1,22.2536904013398
TA-19958,9.52,0.71,40,3,31.75,27.639756736756
TA-19959,9.52,1.24,20,1,19.05,20.5455061400043
TA-19960,6.35,0.71,171,4,19.05,21.9170612553763
TA-19962,6.35,0.71,189,7,19.05,22.2676006966276
TA-19966,6.35,0.71,195,7,19.05,22.3176777596635
TA-19970,12.7,1.65,41,2,38.1,21.5720859322402
TA-19974,19.05,1.65,31,2,38.1,40.7126522481819
TA-19975,19.05,1.65,31,2,38.1,40.7126522481819
TA-19990,15.88,1.65,115,5,38.1,32.0882691697779
TA-19991,15.88,1.65,73,3,38.1,31.6598320749153
TA-19993,15.88,1.65,57,4,38.1,28.5439259304596
TA-20009,9.52,0.89,78,7,25.4,21.2132003138163
TA-20016,19.05,2.11,240,4,50.8,30.9977020192185
TA-20018,12.7,1.24,29,2,38.1,21.4218547431325
TA-20019,12.7,1.24,29,2,38.1,21.4218547431325
TA-20023,9.52,0.89,29,3,31.75,20.5566343762345
TA-20027,12.7,0.89,31,2,25.4,20.7291220378026
TA-20029,25.4,3.05,106,3,50.8,52.7394935539692
TA-20030,25.4,3.05,105,3,50.8,52.728365317739
TA-20033,25.4,3.05,78,2,50.8,25.2193653566878
TA-20036,25.4,3.05,76,1,50.8,28.9306321394591
TA-20040,15.88,1.24,229,2,38.1,22.9019101617489
TA-20049,12.7,0.89,32,2,38.1,20.7374682149753
TA-20051,9.52,0.89,175,5,31.75,22.1952671611313
TA-20054,9.52,1.24,51,5,25.4,21.7167530032327
TA-20056,9.52,1.65,65,3,38.1,21.7612659481535
TA-20059,9.52,0.89,101,3,38.1,21.0574050065935
TA-20063,9.52,1.24,64,3,25.4,21.6527656449091
TA-20068,6.35,0.89,172,5,25.4,22.5374604252099
TA-20070,12.7,1.24,57,2,38.1,20.8348402819895
TA-20071,9.52,0.89,57,1,38.1,20.7096476243998
TA-20072,9.52,0.89,112,7,38.1,21.3801238572692
TA-20074,9.52,0.89,143,9,38.1,21.6638938811393
TA-20082,9.52,1.24,45,3,19.05,20.8014555732989
TA-20146,12.7,1.24,36,2,25.4,20.7124296834573
TA-20149,12.7,1.24,43,2,25.4,20.751378510263
TA-20151,9.52,1.24,45,3,25.4,21.5526115188373
TA-20157,9.52,1.24,15,1,38.1,20.5121214313137
TA-20159,9.52,1.24,50,2,19.05,20.7597246874357
TA-20164,9.52,1.24,50,2,25.4,20.7597246874357
TA-20167,15.88,1.24,39,2,31.75,20.7903273370687
TA-20168,9.52,0.71,116,3,38.1,21.0240202979029
TA-20169,12.7,0.89,44,2,38.1,20.7402502740328
TA-20173,9.52,0.89,97,5,31.75,21.9309715506641
TA-20175,9.52,1.24,62,5,31.75,21.7807403615564
TA-20177,9.52,1.24,33,3,19.05,21.4969703376863
TA-20178,9.52,1.24,57,3,19.05,21.6221629952761
TA-20181,9.52,1.24,29,3,19.05,21.4747138652259
TA-20182,6.35,0.71,30,3,19.05,20.6873911519394
TA-20183,6.35,0.71,100,5,19.05,21.3995982706721
TA-20185,6.35,0.71,39,1,19.05,20.6289679117308
TA-20187,6.35,0.71,69,4,19.05,21.0768794199963
TA-20192,7.94,0.71,85,5,25.4,21.3912520934994
TA-20193,9.52,0.89,18,3,19.05,21.4135085659598
TA-20195,6.35,0.71,84,3,19.05,21.1325206011473
TA-20196,6.35,0.71,35,2,19.05,20.6623526204214
TA-20200,12.7,1.24,34,1,38.1,21.4329829793627
TA-20201,9.52,1.65,31,2,31.75,21.4691497471108
TA-20203,9.52,1.65,37,3,31.75,27.6981799769645
TA-20206,19.05,1.65,41,2,50.8,21.8836765466857
TA-20208,25.4,2.41,132,4,50.8,29.5120824824869
TA-20211,9.52,0.71,90,3,31.75,27.9430011740289
TA-20212,12.7,1.65,89,4,38.1,28.1933864892084
TA-20214,6.35,0.71,129,5,19.05,21.6388553496214
TA-20215,6.35,0.71,129,5,19.05,21.6388553496214
TA-20218,6.35,0.71,237,8,19.05,22.7294225001808
TA-20219,9.52,0.71,127,6,31.75,21.3578673848088
TA-20227,6.35,0.71,149,6,19.05,21.869766251398
TA-20230,6.35,0.71,80,3,19.05,21.0991358924567
TA-20233,9.52,0.89,107,5,31.75,21.9727024365273
TA-20234,25.4,2.41,75,2,63.5,30.4496363848812
TA-20239,9.52,0.71,29,1,31.75,20.4843008407382
TA-20242,12.7,1.65,104,4,25.4,22.1201515665775
TA-20246,9.52,0.71,13,0,0,20.3285055335155
TA-20249,19.05,1.24,30,1,50.8,21.4329829793627
TA-20251,19.05,1.24,61,2,50.8,21.7362274166356
TA-20253,19.05,1.65,47,2,50.8,21.6527656449091
TA-20254,19.05,1.65,72,3,50.8,27.9457832330865
TA-20255,19.05,1.65,70,3,50.8,27.9346549968563
TA-20258,19.05,1.65,36,1,50.8,21.5192268101467
TA-20259,19.05,1.65,62,1,50.8,21.6750221173695
TA-20267,6.35,0.71,185,8,25.4,22.3872292361022
TA-20268,7.94,0.89,46,2,19.05,21.7445735938082
TA-20269,12.7,0.89,75,5,38.1,21.1686873688955
TA-20270,19.05,1.65,37,2,50.8,28.257373847532
TA-20272,15.88,1.65,40,2,76.2,68.0602927838952
TA-20273,15.88,1.65,47,2,76.2,68.1103698469311
TA-20279,19.05,1.65,24,1,50.8,21.5080985739165
TA-20280,19.05,1.65,43,2,50.8,21.6889324126573
TA-20281,19.05,1.65,139,3,50.8,22.3343701140088
TA-20283,15.88,1.65,89,8,50.8,30.4579825620538
TA-20284,4.76,0.71,20,1,25.4,20.4203134824146
TA-20285,6.35,0.71,39,2,25.4,20.695737329112
TA-20286,6.35,0.71,59,4,25.4,20.9934176482698
TA-20287,6.35,0.71,123,5,25.4,21.5887782865855
TA-20288,6.35,0.71,68,4,25.4,21.0685332428237
TA-20290,6.35,0.71,116,6,19.05,21.5971244637581
TA-20291,15.88,0.89,93,3,38.1,21.4997523967439
TA-20294,6.35,0.89,19,2,19.05,20.5816729077525
TA-20300,6.35,0.71,162,8,19.05,22.1118053894048
TA-20301,6.35,0.71,180,5,25.4,22.0589462673114
TA-20303,6.35,0.71,141,3,25.4,21.6026885818732
TA-20304,6.35,0.71,102,3,25.4,21.282751790255
TA-20306,6.35,0.71,131,3,25.4,21.5220088692043
TA-20307,7.94,0.71,93,7,25.4,21.6026885818732
TA-20318,25.4,1.65,115,4,76.2,18.9792068906039
TA-20319,25.4,1.65,131,5,76.2,19.1934254380352
TA-20322,19.05,1.65,50,3,38.1,21.7974327159017
TA-20324,19.05,1.65,116,5,38.1,22.1646645114982
TA-20327,12.7,0.89,50,2,38.1,20.7847632189536
TA-20328,12.7,0.89,34,2,38.1,20.665134679479
TA-20329,9.52,0.71,63,3,31.75,20.8042376323565
TA-20332,19.05,1.65,66,1,50.8,21.0101100026151
TA-20335,25.4,2.41,63,2,50.8,29.8542757465655
TA-20342,15.88,1.24,143,5,25.4,22.1757927477284
TA-20349,12.7,1.24,55,3,38.1,21.6889324126573
TA-20351,12.7,1.24,25,1,38.1,21.3801238572692
TA-20354,15.88,1.65,34,2,38.1,28.8110035999844
TA-20355,15.88,1.65,107,4,38.1,29.4592233603935
TA-20360,25.4,2.41,61,2,50.8,28.7303238873155
TA-20362,19.05,1.65,50,2,50.8,28.0681938316187
TA-20367,9.52,1.65,31,2,25.4,21.4691497471108
TA-20371,15.88,1.65,112,4,38.1,29.4926080690841
TA-20373,6.35,0.89,36,2,19.05,21.4441112155929
TA-20374,15.88,1.65,100,5,38.1,22.2592545194549
TA-20376,25.4,2.41,75,2,50.8,28.8610806630203
TA-20390,12.7,1.24,31,1,38.1,21.4162906250174
TA-20392,12.7,1.24,43,2,38.1,21.5526115188373
TA-20393,12.7,1.24,35,1,38.1,21.4385470974778
TA-20406,12.7,0.89,102,4,38.1,21.3022262036578
TA-20409,12.7,0.89,114,4,38.1,21.3912520934994
TA-20418,9.52,1.65,86,3,19.05,21.9087150782037
TA-20420,25.4,1.65,59,2,63.5,22.5931016063609
TA-20422,9.52,1.65,86,3,19.05,21.9087150782037
TA-20423,9.52,1.24,19,2,19.05,21.3578673848088
TA-20424,9.52,1.24,35,2,19.05,21.4413291565353
TA-20428,6.35,0.89,64,6,19.05,21.9337536097216
TA-20436,9.52,1.65,33,2,19.05,21.4830600423986
TA-20439,9.52,0.89,32,2,31.75,21.4135085659598
TA-20441,19.05,3.05,255,7,50.8,39.2687635973136
TA-20443,19.05,1.65,67,3,38.1,24.9912365139687
TA-20444,25.4,2.41,47,2,50.8,37.0514625284465
TA-20445,19.05,1.65,45,2,38.1,28.4103870956973
TA-20447,15.88,1.24,178,5,50.8,22.7906277994469
TA-20448,15.88,1.24,198,6,50.8,22.9798078153603
TA-20449,19.05,1.24,150,5,50.8,22.4901654212316
TA-20456,19.05,1.24,138,6,50.8,29.0446965608186
TA-20458,19.05,1.24,172,4,50.8,29.0586068561063
TA-20480,9.52,1.24,67,3,19.05,21.6750221173695
TA-20483,12.7,0.89,148,4,38.1,21.6416374086789
TA-20485,12.7,0.89,53,2,31.75,20.7819811598961
TA-20486,12.7,0.89,69,2,50.8,21.060187065651
TA-20500,6.35,0.89,94,5,19.05,28.3909126822944
TA-20501,6.35,0.89,96,5,19.05,28.4048229775822
TA-20510,22.22,2.11,100,3,38.1,26.5185869365635
TA-20512,9.52,0.89,23,2,31.75,21.368995621039
TA-20534,9.52,1.24,115,4,31.75,21.2326747272191
TA-20537,9.52,1.24,31,2,31.75,20.6623526204214
TA-20538,9.52,0.71,79,5,31.75,21.0268023569604
TA-20540,19.05,1.65,62,3,38.1,27.9374370559138
TA-20541,19.05,1.65,35,1,38.1,28.2212070797839
TA-20544,6.35,0.71,68,4,19.05,28.0654117725611
TA-20546,25.4,2.41,101,3,50.8,29.6678777897097
TA-20548,25.4,2.41,63,2,50.8,29.2477868720197
TA-20552,6.35,0.71,75,4,19.05,28.1127067765395
TA-20553,25.4,2.41,77,2,50.8,29.3785436477245
TA-20561,6.35,0.89,24,2,19.05,21.4023803297296
TA-20563,6.35,0.89,21,2,19.05,27.7065261541372
TA-20568,25.4,2.41,92,4,50.8,25.8397645265214
TA-20575,9.52,0.89,32,1,19.05,21.3467391485786
TA-20576,25.4,1.65,61,1,50.8,17.7996138502028
TA-20577,15.88,0.89,134,4,38.1,21.9532280231245
TA-20586,6.35,0.71,30,3,19.05,21.5164447510892
TA-20588,9.52,0.89,104,5,31.75,21.9643562593547
TA-20593,6.35,0.71,136,3,19.05,21.5637397550675
TA-20597,6.35,0.71,105,7,19.05,21.5748679912977
TA-20601,15.88,1.65,96,5,38.1,28.4215153319275
TA-20604,15.88,1.65,45,3,38.1,27.9318729377987
TA-20605,22.22,2.11,20,1,50.8,40.2035354406503
TA-20607,19.05,1.65,52,3,50.8,28.1488735442876
TA-20609,9.52,0.89,34,2,31.75,20.665134679479
TA-20611,9.52,0.89,174,6,31.75,22.3733189408145
TA-20614,25.4,2.41,46,2,50.8,29.400800120185
TA-20615,19.05,1.65,61,3,50.8,22.0728565625991
TA-20618,25.4,1.65,54,2,50.8,24.7464153169043
TA-20624,19.05,1.65,59,1,50.8,21.6583297630242
TA-20625,6.35,0.71,39,3,25.4,20.7625067464932
TA-20626,6.35,0.71,139,8,25.4,21.9198433144339
TA-20627,6.35,0.71,145,8,25.4,21.9699203774698
TA-20640,9.52,0.71,105,5,31.75,21.1686873688955
TA-20641,9.52,0.71,105,5,31.75,21.1686873688955
TA-20643,9.52,1.24,69,5,25.4,21.8113430111894
TA-20644,9.52,1.24,61,4,25.4,21.702842707945
TA-20645,6.35,0.71,166,8,19.05,22.1451900980954
TA-20646,6.35,0.71,172,8,12.7,22.1924851020737
TA-20647,6.35,0.71,145,8,12.7,21.9699203774698
TA-20649,6.35,0.71,82,4,19.05,21.1825976641832
TA-20653,7.94,0.71,36,2,19.05,20.7263399787451
TA-20654,12.7,0.89,117,7,38.1,21.6138168181034
TA-20655,12.7,0.89,117,7,38.1,21.6138168181034
TA-20656,19.05,1.65,143,7,38.1,22.8323586853102
TA-20663,9.52,0.89,21,2,31.75,21.3606494438664
TA-20671,9.52,0.89,55,3,19.05,21.591560345643
TA-20672,12.7,0.89,105,4,38.1,21.3244826761182
TA-20675,12.7,0.89,101.6,4,38.1,21.2994441446003
TA-20677,12.7,1.24,93.9,3,25.4,21.8669841923404
TA-20679,6.35,0.89,23,2,19.05,20.609493498328
TA-20681,15.88,1.24,169,4,38.1,22.5263321889797
TA-20683,9.52,0.89,79,6,38.1,21.1519950145502
TA-20684,6.35,0.71,74,4,25.4,21.115828246802
TA-20685,6.35,0.71,89,4,25.4,21.2410209043918
TA-20686,9.52,0.71,164,3,38.1,22.011651263333
TA-20688,6.35,0.71,88.9,4,19.05,21.2410209043918
TA-20689,6.35,0.71,93.9,4,19.05,21.282751790255
TA-20690,12.7,0.89,16,1,38.1,21.1937259004134
TA-20692,6.35,0.71,22.8,1,25.4,20.4926470179109
TA-20694,6.35,0.71,33,4,19.05,20.7791991008385
TA-20695,12.7,0.89,87,5,50.8,21.869766251398
TA-20697,12.7,0.89,78.7,4,38.1,21.0073279435576
TA-20703,6.35,0.89,30,2,19.05,21.4441112155929
TA-20706,12.7,0.89,132,6,38.1,21.7250991804054
TA-20707,9.52,1.24,29,1,19.05,20.58445496681
TA-20710,6.35,0.89,26,2,25.4,21.3801238572692
TA-20749,15.88,1.65,44,4,38.1,27.9902961780073
TA-20753,19.05,2.41,142,6,50.8,26.015034247147
TA-20761,15.88,1.65,40,2,38.1,24.1399264423585
TA-20762,25.4,3.05,59,3,38.1,25.0524418132348
TA-20768,12.7,2.41,151,5,38.1,26.3182786844199
TA-20770,15.88,2.11,130,5,38.1,25.2444038882057
TA-20785,15.88,2.41,128,4,38.1,29.0808633285667
TA-20792,6.35,0.89,100,3,19.05,21.9671383184122
TA-20793,6.35,0.89,62,4,19.05,21.7863044796715
TA-20808,6.35,0.89,91,5,19.05,21.9699203774698
TA-20814,15.88,1.65,77,3,38.1,28.1544376624027
TA-20824,19.05,2.11,72,4,38.1,24.7519794350194
TA-20825,15.88,1.65,179,9,38.1,29.2728254035377
TA-20826,15.88,1.65,179,10,38.1,25.7229180461043
TA-20831,15.88,1.65,217,6,50.8,25.650584510608
TA-20832,19.05,2.41,151,2,50.8,29.3173383484585
TA-20833,15.88,1.65,47,3,50.8,24.7631076712496
TA-20836,12.7,1.24,41,3,25.4,27.7788596896335
TA-20849,19.05,2.11,198,10,50.8,29.7123907346305
TA-20855,9.52,0.71,15,1,31.75,27.386589362519
TA-20858,12.7,1.24,28,2,38.1,21.4635856289957
TA-20859,9.52,0.71,28,1,31.75,27.4477946617851
TA-20861,9.52,0.71,61,3,31.75,27.7426929218853
TA-20863,12.7,1.24,167,5,38.1,22.4762551259438
TA-20872,6.35,0.71,71,4,19.05,21.0935717743416
TA-20873,6.35,0.71,68,4,19.05,21.0685332428237
TA-20876,6.35,0.71,121,4,19.05,21.505316514859
TA-20877,6.35,0.71,121,4,19.05,21.505316514859
TA-20878,6.35,0.71,133,6,19.05,21.7390094756931
TA-20881,6.35,0.71,121,4,19.05,21.505316514859
TA-20884,6.35,0.71,107,1,19.05,21.1881617822983
TA-20885,9.52,0.71,93,5,19.05,21.1047000105718
TA-20890,19.05,1.65,103,3,50.8,22.3260239368361
TA-20891,6.35,0.71,145,7,19.05,21.9031509600886
TA-20893,19.05,1.65,138,6,50.8,22.7377686773535
TA-20894,9.52,0.71,116,5,31.75,21.2298926681616
TA-20895,9.52,0.71,132,6,31.75,21.3856879753843
TA-20896,9.52,0.71,129,4,31.75,21.2354567862767
TA-20897,9.52,0.89,120,3,31.75,21.9059330191461
TA-20899,6.35,0.71,218,5,19.05,22.3733189408145
TA-20900,6.35,0.71,133,5,19.05,21.672240058312
TA-20902,6.35,0.71,132,6,19.05,21.7306632985205
TA-20903,6.35,0.71,94,4,19.05,21.282751790255
TA-20904,6.35,0.71,170,3,19.05,21.8419456608225
TA-20908,7.94,0.71,145,4,25.4,21.8948047829159
TA-20911,6.35,0.71,77,6,19.05,21.2744056130824
TA-20916,12.7,0.89,86,4,38.1,21.9365356687792
TA-20920,19.05,1.65,39,2,50.8,38.1086449703154
TA-20922,19.05,1.65,47,2,38.1,21.7139709441752
TA-20925,6.35,0.71,150,2,19.05,21.6110347590459
TA-20926,6.35,0.71,197,3,19.05,22.067292444484
TA-20928,6.35,0.71,178,1,19.05,21.7751762434413
TA-20931,6.35,0.71,172,1,19.05,21.7250991804054
TA-20932,6.35,0.71,186,3,19.05,21.9754844955849
TA-20935,6.35,0.71,107,2,19.05,21.2549311996795
TA-20936,6.35,0.71,147,1,19.05,21.5192268101467
TA-20937,6.35,0.71,122,2,19.05,21.3801238572692
TA-20940,6.35,0.71,134,5,19.05,21.6805862354846
TA-20941,6.35,0.71,134,5,19.05,21.6805862354846
TA-20942,6.35,0.71,213,4,19.05,22.26481863757
TA-20946,9.52,0.89,34,2,31.75,21.42463680219
TA-20948,12.7,0.89,83,4,38.1,26.5102407593908
TA-20949,12.7,0.89,83,4,38.1,26.5102407593908
TA-20963,25.4,3.05,120,0,0,29.9488657545222
TA-20965,25.4,3.05,44,0,0,30.549790510953
TA-20972,9.52,0.71,28,2,31.75,27.5145640791663
TA-20976,12.7,0.89,73,3,38.1,21.0212382388453
TA-20977,12.7,0.89,54,2,25.4,20.8125838095291
TA-20978,15.88,0.89,16,0,0,20.5677626124647
TA-20979,7.94,0.89,90,4,25.4,22.1952671611313
TA-20980,7.94,0.71,89,4,19.05,21.3634315029239
TA-20982,6.35,0.71,196,8,19.05,22.3927933542173
TA-20983,6.35,0.71,126,6,19.05,21.6805862354846
TA-20985,6.35,0.71,168,6,25.4,22.0283436176783
TA-20987,6.35,0.71,156,6,25.4,21.9281894916065
TA-20988,6.35,0.71,82,6,25.4,21.3161364989456
TA-20990,6.35,0.89,26,1,25.4,21.313354439888
TA-20992,4.76,0.71,18,1,12.7,20.4175314233571
TA-20995,7.94,0.71,64,4,19.05,21.1269564830322
TA-20996,12.7,1.65,49,1,38.1,20.7485964512055
TA-20998,19.05,2.11,32,0,0,21.672240058312
TA-20999,9.52,0.71,66,4,38.1,20.8876994040829
TA-21004,6.35,0.71,119,3,25.4,21.4218547431325
TA-21005,6.35,0.71,120,6,25.4,21.6305091724487
TA-21006,6.35,0.71,197,8,25.4,22.40113953139
TA-21007,6.35,0.71,143,6,25.4,21.8196891883621
TA-21010,6.35,0.71,165,3,25.4,21.8029968340168
TA-21014,6.35,0.71,122,0,0,21.2465850225069
TA-21015,6.35,0.71,220,1,25.4,22.122933625635
TA-21017,6.35,0.71,86,3,25.4,21.1492129554926
TA-21020,6.35,0.71,59,1,19.05,20.7931093961263
TA-21021,6.35,0.71,109,3,25.4,21.338392971406
TA-21023,7.94,0.71,107,5,19.05,21.5999065228157
TA-21025,7.94,0.71,90,4,19.05,21.3717776800966
TA-21026,6.35,0.71,57,1,25.4,20.776417041781
TA-21031,6.35,0.71,84,2,12.7,21.0657511837661
TA-21032,6.35,0.71,54,2,25.4,20.8181479276442
TA-21035,19.05,1.65,62,3,50.8,21.7056247670026
TA-21036,12.7,0.89,26,1,38.1,20.5399420218892
TA-21042,12.7,1.24,33,2,38.1,21.4441112155929
TA-21045,12.7,1.24,156,3,38.1,22.2286518698219
TA-21046,12.7,1.24,163,4,38.1,22.3371521730663
TA-21052,9.52,1.24,128,7,38.1,21.4997523967439
TA-21054,25.4,1.65,130,4,50.8,19.1183098434814
TA-21056,6.35,0.71,18,1,25.4,20.4536981911052
TA-21058,15.88,1.65,50,2,38.1,21.8502918379951
TA-21064,19.05,1.65,64,3,38.1,17.1847787984843
TA-21085,6.35,0.71,13,1,19.05,20.3702364193787
TA-21113,6.35,0.89,32,2,19.05,21.4274188612476
TA-21130,6.35,0.89,108,6,19.05,21.4329829793627
TA-21131,6.35,0.71,49,2,19.05,20.776417041781
