tube_assembly_id,quantity,cost
TA-00013,1,10.0042843709486
TA-00021,1,3.4330608770163
TA-00022,1,8.5631777791379
TA-00027,1,2.73754611262888
TA-00037,1,1.56351719034292
TA-00046,1,228.148317132476
TA-00047,1,7.83427830605988
TA-00048,1,2.94063642383
TA-00066,1,1.26305481212755
TA-00073,1,10.7470941393144
TA-00101,1,7.09425059675167
TA-00164,1,0.93477184333669
TA-00166,1,9.45621873661134
TA-00180,1,11.7347251047445
TA-00211,1,6.88559616743544
TA-00214,1,11.4509550808745
TA-00215,1,8.1263945071026
TA-00218,1,9.3477184333669
TA-00219,1,7.08034030146392
TA-00243,1,1.41328600123523
TA-00248,1,3.68622825125332
TA-00254,1,8.0596250897214
TA-00282,1,10.1461693828837
TA-00283,1,1.58299160374576
TA-00306,1,5.44170751656716
TA-00324,1,5.91465755635061
TA-00331,1,14.1384241304674
TA-00332,1,1.37990129254464
TA-00348,1,9.8178864140928
TA-00350,1,27.4450126027275
TA-00351,1,23.216282835252
TA-00353,1,6.31527406063776
TA-00354,1,7.82036801077213
TA-00356,1,8.26827951903763
TA-00358,1,6.62408261602577
TA-00365,1,14.0327058862806
TA-00376,1,5.31373279991988
TA-00398,1,5.90352932012041
TA-00400,1,5.90352932012041
TA-00402,1,1.83615897798278
TA-00414,1,12.015713069557
TA-00416,1,12.936574617606
TA-00417,1,5.84510607991186
TA-00430,1,15.5044151277243
TA-00436,1,1.43554247369563
TA-00446,1,4.10631916894332
TA-00465,1,6.47385142691809
TA-00469,1,50.5027180716992
TA-00485,1,1.79999221023464
TA-00486,1,9.8123222959777
TA-00518,1,4.55979479532392
TA-00528,1,1.47449130050133
TA-00529,1,6.29858170629246
TA-00534,1,4.82130834673358
TA-00540,1,220.889925051329
TA-00542,1,6.34309465121326
TA-00548,1,1.37711923348709
TA-00566,1,63.8816400794556
TA-00587,1,6.96627588010438
TA-00590,1,17.8886397400444
TA-00601,1,71.9162266376591
TA-00615,1,5.5223872292361
TA-00619,1,29.153196864063
TA-00637,1,1.39102952877484
TA-00642,1,2.46490432498901
TA-00665,1,1.2714009893002
TA-00667,1,2.35362196268702
TA-00668,1,1.45501688709848
TA-00670,1,173.027381025244
TA-00672,1,8.43242100343306
TA-00675,1,2.28128842719073
TA-00692,1,25.5587765617089
TA-00694,1,94.8988165120769
TA-00702,1,11.5817118565793
TA-00703,1,2.9684570144055
TA-00704,1,8.65220366897949
TA-00711,1,687.157458978539
TA-00729,1,8.01789420385816
TA-00765,1,83.1752196435626
TA-00774,1,16.09977576604
TA-00798,1,8.42963894437551
TA-00801,1,9.59810374854637
TA-00816,1,12.2438419122761
TA-00817,1,8.0596250897214
TA-00827,1,2.44542991158616
TA-00830,1,5.39441251258882
TA-00852,1,13.189741991843
TA-00860,1,3.73074119617411
TA-00883,1,9.09176900007233
TA-00911,1,23.7782587648771
TA-00912,1,5.45005369373981
TA-00926,1,10.0487973158694
TA-00935,1,109.042804760659
TA-00936,1,109.588088335939
TA-00941,1,6.97740411633458
TA-00942,1,3.07973937670749
TA-00955,1,7.30846914418299
TA-00963,1,4.06180622402252
TA-00965,1,4.48746125982762
TA-00968,1,15.9801472265653
TA-00986,1,82.2321016230532
TA-01017,1,4.256550358051
TA-01031,1,2.59566110069385
TA-01039,1,65.7706581795318
TA-01067,1,17.3517023419373
TA-01091,1,11.8154048174135
TA-01094,1,9.57028315797088
TA-01096,1,8.32113864113107
TA-01104,1,3.67788207408067
TA-01108,1,5.38328427635862
TA-01111,1,11.2673391830762
TA-01117,1,567.868330708924
TA-01131,1,3.18823967995193
TA-01136,1,3.47200970382199
TA-01153,1,2.22564724603974
TA-01154,1,3.71961295994391
TA-01158,1,21.869766251398
TA-01159,1,7.00522470691008
TA-01160,1,6.19842758022067
TA-01161,1,7.45591827423312
TA-01163,1,8.88589662981366
TA-01170,1,11.1588388798317
TA-01194,1,35.0678544204136
TA-01202,1,42.1954897258559
TA-01228,1,6.88559616743544
TA-01231,1,14.2218859021939
TA-01252,1,12.4218936919593
TA-01259,1,1.38824746971729
TA-01264,1,19.212899851438
TA-01282,1,21.3300467942333
TA-01317,1,118.309843481357
TA-01319,1,104.733395280515
TA-01322,1,11.0364282812996
TA-01323,1,10.3854264618329
TA-01333,1,11.7736739315502
TA-01341,1,34.7423535106803
TA-01353,1,8.69115249578518
TA-01376,1,7.45313621517557
TA-01381,1,10.1461693828837
TA-01383,1,9.94586113074008
TA-01386,1,21.0017638254425
TA-01387,1,137.08596006076
TA-01392,1,9.17523077179882
TA-01394,1,9.72051434707856
TA-01396,1,5.5335154654663
TA-01411,1,10.0404511386968
TA-01415,1,24.2818114542935
TA-01416,1,10.4076829342933
TA-01422,1,15.0175547926531
TA-01423,1,6.07601698168849
TA-01430,1,61.2525942700712
TA-01453,1,39.7945727591905
TA-01475,1,3.22162438864252
TA-01490,1,5.69487489080418
TA-01494,1,5.15515543363955
TA-01495,1,4.96597541772617
TA-01496,1,9.93195083545234
TA-01533,1,11.0753771081053
TA-01552,1,3.23275262487272
TA-01568,1,9.16966665368372
TA-01570,1,9.16966665368372
TA-01582,1,4.96597541772617
TA-01584,1,772.805929124263
TA-01604,1,123.873961596457
TA-01607,1,10.5912988320916
TA-01619,1,352.358907874896
TA-01623,1,9.64818081158227
TA-01633,1,6.29858170629246
TA-01639,1,4.6599489213957
TA-01660,1,3.07695731764994
TA-01683,1,3.69179236936842
TA-01686,1,37.6523872848773
TA-01710,1,4.16752446820941
TA-01716,1,8.44076718060571
TA-01730,1,4.25376829899345
TA-01731,1,3.93104944831769
TA-01739,1,50.3552689416491
TA-01748,1,3.64449736539007
TA-01756,1,6.94958352575908
TA-01760,1,93.7359158260211
TA-01793,1,102.632940692065
TA-01797,1,17.4629847042393
TA-01817,1,92.7705413330514
TA-01835,1,3.44140705418895
TA-01838,1,14.536258575697
TA-01839,1,3.33847086905961
TA-01840,1,13.8045770435615
TA-01876,1,8.31001040490088
TA-01895,1,14.3220400282657
TA-01918,1,6.92176293518359
TA-01931,1,6.97183999821948
TA-01933,1,4.50415361417292
TA-01935,1,222.534121954341
TA-01940,1,188.128397589624
TA-01949,1,180.002003082521
TA-01952,1,25.5977253885145
TA-01973,1,3.26891939262087
TA-01980,1,28.7442341826032
TA-01986,1,9.55637286268313
TA-02035,1,155.789743104667
TA-02066,1,7.51155945538412
TA-02068,1,33.8632228484946
TA-02085,1,38.5704667738687
TA-02087,1,11.0698129899902
TA-02089,1,5.23861720536603
TA-02104,1,3.78638237732511
TA-02120,1,1.75826132437139
TA-02121,1,8.22933069223193
TA-02130,1,160.143665529732
TA-02132,1,5.34989956766802
TA-02133,1,5.34989956766802
TA-02134,1,41.7475782175904
TA-02135,1,56.8430306638549
TA-02136,1,48.1880449358179
TA-02137,1,52.7673141445446
TA-02138,1,56.7762612464737
TA-02139,1,65.7400555298988
TA-02141,1,13.4874223110008
TA-02143,1,25.6895333374137
TA-02144,1,67.6151633346873
TA-02145,1,56.9348386127541
TA-02146,1,52.536403242768
TA-02147,1,36.6230254335839
TA-02164,1,32.3970777251659
TA-02166,1,9.80397611880505
TA-02175,1,4.72950039783445
TA-02176,1,7.51155945538412
TA-02177,1,7.23335354962915
TA-02178,1,8.34617717264902
TA-02180,1,8.06797126689405
TA-02199,1,203.73296684342
TA-02202,1,5.62532341436544
TA-02207,1,5.73104165855233
TA-02208,1,7.76194477056359
TA-02213,1,7.76750888867869
TA-02216,1,10.0710537883298
TA-02217,1,10.3742982256027
TA-02221,1,1.23523422155206
TA-02230,1,21.3856879753843
TA-02232,1,11.423134490299
TA-02240,1,5.55298987886915
TA-02242,1,4.70724392537405
TA-02259,1,4.6599489213957
TA-02260,1,8.11804832992995
TA-02265,1,50.5194104260445
TA-02266,1,57.6275713180839
TA-02286,1,147.357322101234
TA-02289,1,9.18635900802902
TA-02290,1,7.80923977454193
TA-02292,1,69.5347840843965
TA-02293,1,4.47911508265497
TA-02300,1,8.78574250374187
TA-02301,1,8.0651892078365
TA-02340,1,6.39873583236425
TA-02341,1,5.58915664661729
TA-02353,1,106.769862510641
TA-02414,1,9.92638671733723
TA-02429,1,2.50941726990981
TA-02430,1,3.65284354256272
TA-02431,1,3.93939562549034
TA-02448,1,62.5963287948677
TA-02478,1,47.3033501555171
TA-02490,1,3.21049615241232
TA-02497,1,2.68190493147789
TA-02515,1,64.799719568447
TA-02529,1,12.293918975312
TA-02534,1,20.2478258208465
TA-02535,1,65.4618496241438
TA-02541,1,29.153196864063
TA-02545,1,12.1464698452619
TA-02547,1,3.69735648748352
TA-02550,1,5.00492424453186
TA-02559,1,34.3389549473356
TA-02569,1,1.92240280876682
TA-02570,1,4.32053771637464
TA-02571,1,8.40460041285756
TA-02572,1,19.1322201387691
TA-02587,1,14.1578985438703
TA-02609,1,7.07755824240637
TA-02613,1,47.6232869471353
TA-02616,1,2.35918608080212
TA-02619,1,5.80893931216372
TA-02620,1,11.9016486481975
TA-02653,1,7.45035415611803
TA-02654,1,13.0089081531023
TA-02661,1,9.58419345325863
TA-02662,1,5.48622046148796
TA-02663,1,5.5056948748908
TA-02670,1,9.57306521702843
TA-02675,1,1.98639016709047
TA-02678,1,7.23335354962915
TA-02694,1,16.6033284554565
TA-02700,1,5.50291281583325
TA-02701,1,5.1245527840065
TA-02704,1,5.21357867384809
TA-02716,1,5.28869426840193
TA-02738,1,17.8886397400444
TA-02739,1,17.8886397400444
TA-02742,1,8.41851070814531
TA-02744,1,6.01759374147994
TA-02750,1,54.8121275518437
TA-02751,1,31.9296918034976
TA-02758,1,11.6735198054784
TA-02760,1,12.31895750683
TA-02785,1,1.56908130845802
TA-02819,1,11.0781591671628
TA-02856,1,20.8598788135075
TA-02871,1,173.878691096855
TA-02878,1,4.2954991848567
TA-02881,1,1.16011862699821
TA-02924,1,5.78855210518409
TA-02925,1,3.21884232958497
TA-02927,1,17.3711767553402
TA-02941,1,7.91774007778637
TA-02964,1,2.96567495534795
TA-02981,1,2.22564724603974
TA-02991,1,177.203251670626
TA-02992,1,413.286001235234
TA-02994,1,177.203251670626
TA-02996,1,169.463563372523
TA-03046,1,2.68746904959298
TA-03076,1,8.55483160196525
TA-03105,1,8.14586892050544
TA-03107,1,8.19594598354134
TA-03108,1,9.71216816990591
TA-03109,1,8.06797126689405
TA-03111,1,8.95266604719485
TA-03112,1,41.3525258314183
TA-03114,1,2.84326435681577
TA-03115,1,18.6620521580432
TA-03116,1,16.1053398841551
TA-03160,1,3.34125292811716
TA-03165,1,4.76288510652504
TA-03166,1,5.64757988682584
TA-03176,1,12.714009893002
TA-03177,1,11.6039683290397
TA-03198,1,63.1165738386294
TA-03202,1,98.9355842045815
TA-03203,1,99.019045976308
TA-03204,1,3.87819032622424
TA-03207,1,6.01759374147994
TA-03208,1,5.30538662274723
TA-03214,1,9.01665340551849
TA-03216,1,4.15917829103676
TA-03219,1,7.13041736449981
TA-03221,1,14.8756697807181
TA-03228,1,28.0876682450215
TA-03231,1,19.6302087100705
TA-03237,1,15.8160057421699
TA-03238,1,12.8864975545701
TA-03258,1,10.6107732454945
TA-03277,1,10.1266949694808
TA-03278,1,10.669196485703
TA-03311,1,5.69209283174663
TA-03365,1,7.84540654229008
TA-03381,1,10.360387930315
TA-03399,1,7.86488095569293
TA-03463,1,5.25809161876888
TA-03475,1,64.3879748279296
TA-03529,1,15.8633007461482
TA-03544,1,0.973720670142386
TA-03550,1,6.74649321455796
TA-03551,1,14.6308485836537
TA-03560,1,3.17989350277928
TA-03561,1,7.48930298292372
TA-03568,1,10.0710537883298
TA-03570,1,5.64757988682584
TA-03572,1,10.2379773317828
TA-03576,1,3.97278033418093
TA-03577,1,5.83675990273921
TA-03593,1,5.01883453981961
TA-03612,1,4.2621144761661
TA-03621,1,4.06180622402252
TA-03639,1,17.9442809211954
TA-03642,1,44.9219076022546
TA-03649,1,1.41328600123523
TA-03665,1,274.939768421404
TA-03669,1,1.10725950490477
TA-03674,1,17.0428937865493
TA-03685,1,13.412306716447
TA-03690,1,6.91619881706849
TA-03697,1,0.556411811509935
TA-03699,1,3.50817647157014
TA-03703,1,6.66581350188902
TA-03706,1,5.78668283970332
TA-03707,1,4.34835830695014
TA-03764,1,6.00368344619219
TA-03772,1,8.88311457075611
TA-03776,1,11.4398268446443
TA-03783,1,3.13816261691603
TA-03784,1,7.72299594375789
TA-03785,1,3.65840766067782
TA-03799,1,7.61171358145591
TA-03800,1,1.30200363893325
TA-03804,1,8.79687073997207
TA-03807,1,28.1238350127696
TA-03826,1,3.45531734947669
TA-03830,1,18.144589173339
TA-03832,1,18.4756542011874
TA-03838,1,95.8920115956222
TA-03854,1,19.3102719184523
TA-03865,1,163.248443437957
TA-03869,1,7.34185385287359
TA-03880,1,2.9462005419451
TA-03881,1,4.01172916098663
TA-03895,1,194.171029862622
TA-03911,1,6.59069790733518
TA-03936,1,60.3651174307128
TA-03940,1,32.2162438864252
TA-03941,1,21.3884700344419
TA-03942,1,19.2963616231645
TA-03944,1,25.1665062345943
TA-03946,1,14.1606806029278
TA-03948,1,14.450014744913
TA-03951,1,47.0696571946829
TA-03952,1,31.9129994491523
TA-03954,1,34.6421993846085
TA-03955,1,3.95052386172054
TA-03960,1,29.1615430412357
TA-03961,1,14.5891176977905
TA-03970,1,19.2907975050494
TA-03971,1,11.2979418327092
TA-03973,1,9.15297429933842
TA-03974,1,21.196507959471
TA-03975,1,10.3214391035093
TA-03976,1,16.2778275457231
TA-03985,1,7.18605854565081
TA-03987,1,17.0345476093766
TA-03988,1,14.6753615285745
TA-03989,1,15.315235111811
TA-03997,1,21.3244826761182
TA-04006,1,1.22688804437941
TA-04007,1,1.39937570594749
TA-04008,1,1.39937570594749
TA-04018,1,1.34373452479649
TA-04056,1,15.9439804588172
TA-04057,1,2.9851493687508
TA-04059,1,11.9572898293485
TA-04060,1,11.9572898293485
TA-04093,1,17.5965235390017
TA-04096,1,19.4132081035816
TA-04097,1,11.7903662858955
TA-04102,1,31.9074353310372
TA-04108,1,69.5792970293173
TA-04179,1,8.19038186542624
TA-04180,1,6.81882675005425
TA-04203,1,4.6877695119712
TA-04209,1,52.2415049826678
TA-04211,1,4.86303923259683
TA-04212,1,47.9905187427319
TA-04213,1,47.9905187427319
TA-04230,1,4.84078276013643
TA-04232,1,8.01511214480061
TA-04234,1,8.9387557519071
TA-04261,1,54.2000745591827
TA-04269,1,0.823489481034703
TA-04281,1,6.97462205727703
TA-04292,1,6.08158109980359
TA-04293,1,2.37866049420497
TA-04294,1,34.639417325551
TA-04295,1,10.5662603005737
TA-04297,1,8.39625423568491
TA-04298,1,20.5371599628317
TA-04299,1,72.0803681220545
TA-04308,1,36.097216271707
TA-04326,1,9.40057755546035
TA-04333,1,12.015713069557
TA-04335,1,17.0345476093766
TA-04337,1,4.15083211386411
TA-04354,1,51.1982328360866
TA-04355,1,12.8670231411672
TA-04387,1,16.9427396604775
TA-04390,1,3.01018790026875
TA-04391,1,2.85717465210351
TA-04396,1,25.4753147899824
TA-04405,1,9.99872025283353
TA-04428,1,35.7244203579954
TA-04429,1,29.3034280531707
TA-04440,1,21.227110609104
TA-04484,1,3.14650879408868
TA-04492,1,55.9416435292088
TA-04493,1,4.91589835469027
TA-04497,1,12.5776889991821
TA-04498,1,12.2354957351035
TA-04509,1,18.5702442091441
TA-04530,1,11.6401350967878
TA-04531,1,11.6401350967878
TA-04533,1,13.1452290469222
TA-04535,1,13.1452290469222
TA-04536,1,9.88187377241644
TA-04538,1,9.77615552822955
TA-04539,1,11.8014945221257
TA-04540,1,13.0979340429439
TA-04555,1,31.0505611413119
TA-04584,1,9.16410253556862
TA-04602,1,4.54866655909372
TA-04614,1,344.852912537627
TA-04615,1,25.2388397700906
TA-04621,1,118.237509945861
TA-04639,1,76.7124964528747
TA-04644,1,54.7064093076568
TA-04645,1,23.717053465611
TA-04668,1,6.16504287153008
TA-04707,1,66.004351140366
TA-04736,1,10.1322590875959
TA-04758,1,11.6596095101907
TA-04769,1,34.0690952187533
TA-04780,1,16.2472248960901
TA-04790,1,54.8622046148796
TA-04801,1,9.70660405179081
TA-04805,1,11.5511092069462
TA-04806,1,12.5053554636858
TA-04831,1,13.4512555432527
TA-04834,1,10.6163373636096
TA-04865,1,19.1906433789776
TA-04869,1,4.71837216160425
TA-04882,1,55.7830661629285
TA-04914,1,10.1684258553441
TA-04917,1,3.95887003889319
TA-04918,1,3.95887003889319
TA-04927,1,5.02996277604981
TA-04952,1,13.3817040668139
TA-04953,1,9.03334575986379
TA-04958,1,848.099575457788
TA-04977,1,5.56968223321445
TA-04988,1,1.79164603306199
TA-05011,1,3.60276647952683
TA-05015,1,131.947496981466
TA-05022,1,14.0132314728777
TA-05029,1,9.04725605515154
TA-05054,1,16.2694813685505
TA-05073,1,10.2157208593224
TA-05074,1,4.61543597647491
TA-05078,1,6.72145468304001
TA-05096,1,72.9511526070675
TA-05098,1,13.2704217045119
TA-05116,1,2.91559789231206
TA-05128,1,5.68931077268908
TA-05138,1,8.16534333390829
TA-05141,1,25.7896874634855
TA-05146,1,3.4497532313616
TA-05176,1,9.51185991776233
TA-05182,1,17.6855494288433
TA-05190,1,23.3025266660361
TA-05210,1,9.84848906372584
TA-05213,1,10.193464386862
TA-05219,1,3.8030747316704
TA-05226,1,13.2147805233609
TA-05227,1,12.3940731013838
TA-05229,1,2.39813490760782
TA-05234,1,2.30354489965113
TA-05241,1,201.231895750683
TA-05263,1,14.1996294297335
TA-05264,1,56.6176838801934
TA-05277,1,1.89180015913378
TA-05285,1,16.8147649438302
TA-05286,1,9.76502729199935
TA-05287,1,18.9458221819133
TA-05307,1,138.404656054039
TA-05310,1,16.6561875775499
TA-05329,1,16.2555710732627
TA-05332,1,15.7520183838463
TA-05350,1,8.4908442436416
TA-05361,1,8.17925362919604
TA-05382,1,11.2144800609827
TA-05384,1,2.09210841127735
TA-05399,1,2.34527578551437
TA-05414,1,36.8901031031087
TA-05440,1,34.2610572937242
TA-05443,1,84.852801255265
TA-05461,1,1.83337691892523
TA-05469,1,12.2994830934271
TA-05472,1,2.40091696666537
TA-05475,1,286.685621762379
TA-05484,1,1.29643952081815
TA-05511,1,101.511770891872
TA-05514,1,46.9277721827479
TA-05515,1,55.0597308079656
TA-05519,1,1.98082604897537
TA-05538,1,3.65006148350517
TA-05553,1,9.36719284676975
TA-05554,1,7.11094295109697
TA-05555,1,11.873828057622
TA-05558,1,3.98947268852623
TA-05564,1,8.31279246395842
TA-05568,1,8.87476839358346
TA-05576,1,4.43460213773418
TA-05578,1,16.0246601714861
TA-05579,1,14.0132314728777
TA-05580,1,12.1325595499741
TA-05582,1,13.4512555432527
TA-05583,1,13.4512555432527
TA-05584,1,13.4512555432527
TA-05585,1,13.4929864291159
TA-05587,1,57.2325189319119
TA-05589,1,7.42809768365763
TA-05591,1,16.8092008257151
TA-05592,1,16.7090466996433
TA-05603,1,16.2444428370325
TA-05642,1,23.4110269692805
TA-05646,1,25.8675851170969
TA-05659,1,8.32948481830372
TA-05661,1,8.22376657411683
TA-05729,1,44.159623420486
TA-05763,1,2.48159667933431
TA-05769,1,4.73506451594954
TA-05804,1,1.88345398196113
TA-05842,1,17.3663081519895
TA-05843,1,14.8450671310851
TA-05880,1,3.51930470780034
TA-05898,1,3.99503680664133
TA-05902,1,3.04357260895934
TA-05937,1,2.63460992749954
TA-05939,1,2.92116201042716
TA-05940,1,3.91713915302994
TA-05941,1,3.99781886569888
TA-05947,1,3.53321500308809
TA-05951,1,1.25749069401245
TA-05964,1,10.1823361506318
TA-05982,1,2.49759351891522
TA-05990,1,12.2883548571969
TA-06025,1,2.85717465210351
TA-06026,1,34.9037129360182
TA-06027,1,13.0089081531023
TA-06028,1,29.0752992104516
TA-06029,1,1.38546541065974
TA-06061,1,2.46212226593146
TA-06065,1,14.5390406347546
TA-06099,1,15.4765945371488
TA-06113,1,13.5736661417849
TA-06132,1,31.3287670470669
TA-06140,1,8.988832814943
TA-06146,1,9.66765522498511
TA-06147,1,11.7569815772049
TA-06148,1,10.3158749853942
TA-06161,1,1000
TA-06173,1,2.73198199451378
TA-06175,1,2.25903195473033
TA-06184,1,7.6617906444918
TA-06212,1,36.8010772132671
TA-06219,1,3.30786821942656
TA-06232,1,10.9724409229759
TA-06233,1,47.0418366041074
TA-06240,1,5.62810547342299
TA-06271,1,24.9077747422422
TA-06282,1,66.8806997434941
TA-06304,1,1.48561953673153
TA-06351,1,11.3841856634933
TA-06354,1,6.61851849791067
TA-06356,1,1.36320893819934
TA-06359,1,1.48840159578908
TA-06380,1,70.9425059675167
TA-06414,1,2.11436488373775
TA-06418,1,9.55080874456803
TA-06450,1,188.648642633386
TA-06462,1,3.81142090884305
TA-06463,1,5.80615725310617
TA-06481,1,5.89240108389021
TA-06482,1,4.99657806735921
TA-06495,1,5.73660577666743
TA-06501,1,10.5523500052859
TA-06510,1,0.723335354962915
TA-06512,1,9.43674432320849
TA-06519,1,56.42850386428
TA-06531,1,11.8515715851616
TA-06535,1,6.28188935194716
TA-06537,1,8.04015067631856
TA-06548,1,2.1282751790255
TA-06580,1,3.36350940057756
TA-06581,1,7.62840593580121
TA-06584,1,1.64976102112696
TA-06587,1,1.48005541861643
TA-06588,1,6.70754438775226
TA-06604,1,1.97804398991782
TA-06605,1,2.11436488373775
TA-06608,1,3.61667677481458
TA-06623,1,16.0024036990257
TA-06624,1,18.3588077207703
TA-06627,1,1.58020954468821
TA-06662,1,1.12673391830762
TA-06666,1,3.98947268852623
TA-06667,1,4.15639623197921
TA-06670,1,1.89736427724888
TA-06717,1,16.155416947191
TA-06718,1,13.220344641476
TA-06719,1,13.220344641476
TA-06729,1,4.6822053938561
TA-06732,1,18.8011551109207
TA-06792,1,6.32918435592551
TA-06801,1,1.39102952877484
TA-06805,1,25.3306477189898
TA-06837,1,12.6444584165633
TA-06839,1,67.2479315390907
TA-06880,1,2.9573287781753
TA-06890,1,7.28899473078014
TA-06894,1,6.51001819466624
TA-06918,1,21.8224712474196
TA-06929,1,3.73630531428921
TA-06932,1,53.821714527356
TA-06944,1,4.05624210590742
TA-06947,1,3.35794528246246
TA-06951,1,7.22222531339895
TA-06954,1,7.05808382900352
TA-06979,1,17.9275885668501
TA-06991,1,5.81728548933637
TA-07012,1,29.6873522031126
TA-07016,1,52.4000823489481
TA-07040,1,11.4648653761622
TA-07056,1,5.9647346193865
TA-07071,1,7.58111093182286
TA-07072,1,11.9211230616004
TA-07080,1,9.75946317388425
TA-07106,1,9.71773228802101
TA-07107,1,15.011990674538
TA-07119,1,9.53689844928028
TA-07123,1,6.80213439570895
TA-07124,1,63.1861253150682
TA-07130,1,89.0982233770858
TA-07141,1,6.57678761204743
TA-07161,1,3.93661356643279
TA-07211,1,11.3257624232847
TA-07275,1,4.54032038192107
TA-07301,1,627.702074859645
TA-07309,1,54.4699342877651
TA-07316,1,6.23737640702637
TA-07323,1,50.7725778002815
TA-07333,1,3.02688025461404
TA-07335,1,1.86397956855828
TA-07367,1,42.5015162221864
TA-07368,1,1.83337691892523
TA-07370,1,14.6753615285745
TA-07380,1,3.95608797983564
TA-07382,1,6.79657027759385
TA-07388,1,4.81574422861848
TA-07390,1,5.25809161876888
TA-07391,1,5.28034809122928
TA-07392,1,9.60088580760392
TA-07429,1,13.0534210980231
TA-07433,1,16.4308407938884
TA-07438,1,3.62224089292967
TA-07446,1,6.64355702942862
TA-07458,1,18.2057944726051
TA-07459,1,3.19658585712457
TA-07466,1,9.62592433912187
TA-07470,1,2.88777730173656
TA-07472,1,120.733016920483
TA-07473,1,14.5501688709848
TA-07482,1,7.35576414816134
TA-07537,1,6.87446793120524
TA-07544,1,4.45129449207948
TA-07548,1,46.8025795251582
TA-07549,1,11.8933024710249
TA-07550,1,18.5006927327053
TA-07567,1,2.17278812394629
TA-07581,1,6.85777557685994
TA-07582,1,7.49764916009637
TA-07591,1,4.73784657500709
TA-07607,1,74.5091056792953
TA-07609,1,13.9102952877484
TA-07616,1,7.43922591988783
TA-07630,1,1.48840159578908
TA-07640,1,6.75483939173061
TA-07643,1,11.1393644664289
TA-07648,1,3.20771409335477
TA-07654,1,14.7922080089916
TA-07656,1,42.3457209149636
TA-07658,1,12.825292255304
TA-07659,1,12.0129310104995
TA-07668,1,84.8416730190348
TA-07689,1,23.8144255326252
TA-07696,1,4.41790978338888
TA-07707,1,7.97338125893736
TA-07708,1,7.48095680575107
TA-07726,1,34.2304546440912
TA-07728,1,33.7769790177106
TA-07746,1,9.45900079566889
TA-07748,1,5.18019396515749
TA-07750,1,5.9647346193865
TA-07751,1,10.4633241154443
TA-07754,1,8.73010132259087
TA-07756,1,9.58889429844817
TA-07765,1,13.3538834762384
TA-07766,1,16.3640713765072
TA-07786,1,10.8138635566956
TA-07790,1,1.39659364688994
TA-07791,1,3.50539441251259
TA-07794,1,6.26241493854432
TA-07814,1,24.1427085014161
TA-07822,1,9.85127112278339
TA-07823,1,5.9869910918469
TA-07824,1,8.79408868091452
TA-07837,1,2.70972552205338
TA-07839,1,6.74927527361551
TA-07842,1,11.2645571240186
TA-07845,1,15.067631855689
TA-07856,1,12.2299316169884
TA-07897,1,2.35640402174457
TA-07898,1,3.33290675094451
TA-07899,1,3.63058707010232
TA-07900,1,2.69303316770808
TA-07901,1,1.80277426929219
TA-07902,1,1.73878691096855
TA-07903,1,1.17402892228596
TA-07905,1,2.32301931305398
TA-07908,1,2.85439259304597
TA-07910,1,3.14094467597358
TA-07911,1,3.36072734152001
TA-07912,1,3.36350940057756
TA-07913,1,3.71961295994391
TA-07918,1,1.2714009893002
TA-07926,1,2.43430167535596
TA-07927,1,2.00864663955086
TA-07929,1,2.51776344708245
TA-07930,1,2.5928790416363
TA-07933,1,3.48035588099464
TA-07939,1,7.74247035716074
TA-07940,1,8.19316392448379
TA-07943,1,1.48561953673153
TA-07944,1,2.66799463619014
TA-07946,1,3.16598320749153
TA-07947,1,2.1171469427953
TA-07950,1,10.5328755918831
TA-07954,1,8.98605075588544
TA-07955,1,2.18669841923404
TA-07957,1,18.0416529882096
TA-07962,1,7.65900858543425
TA-07963,1,11.787584226838
TA-07968,1,1.6692354345298
TA-07979,1,41.8616426389499
TA-08002,1,1.40215776500504
TA-08038,1,2.55114815577305
TA-08045,1,1.7081842613355
TA-08058,1,1.6970560251053
TA-08060,1,3.39689410926815
TA-08071,1,21.6341258492235
TA-08086,1,123.821102474363
TA-08087,1,5.88405490671756
TA-08088,1,3.56938177083623
TA-08091,1,1.78886397400444
TA-08092,1,1.53847865882497
TA-08104,1,9.51185991776233
TA-08105,1,6.47941554503319
TA-08127,1,7.44479003800293
TA-08128,1,44.9886770196358
TA-08133,1,10.3075288082215
TA-08134,1,10.3075288082215
TA-08137,1,5.95638844221385
TA-08138,1,6.18173522587537
TA-08139,1,4.79905187427319
TA-08141,1,5.64757988682584
TA-08142,1,7.45313621517557
TA-08149,1,13.5625379055547
TA-08156,1,1.97247987180272
TA-08158,1,10.5384397099982
TA-08175,1,75.0126583687118
TA-08176,1,53.5045597947953
TA-08186,1,171.513940897937
TA-08215,1,5.48622046148796
TA-08227,1,3.90601091679974
TA-08231,1,2.576186687291
TA-08235,1,7.51990563255677
TA-08245,1,10.2936185129338
TA-08247,1,1.18793921757371
TA-08273,1,70.7533259516033
TA-08274,1,70.3193247386255
TA-08281,1,1.6747995526449
TA-08307,1,2.83491817964312
TA-08321,1,24.7130306082137
TA-08330,1,5.88961902483266
TA-08333,1,14.5585150481574
TA-08345,1,332.787122405034
TA-08405,1,2.26459607284543
TA-08412,1,9.7622452329418
TA-08413,1,8.42407482626041
TA-08421,1,1.75269720625629
TA-08428,1,12.2855727981394
TA-08430,1,7.46704651046332
TA-08431,1,7.2250073724565
TA-08453,1,11.2756853602488
TA-08456,1,9.80954023692015
TA-08457,1,7.88991948721087
TA-08458,1,2.34527578551437
TA-08467,1,13.1925240509006
TA-08468,1,36.3698580593469
TA-08469,1,14.1495523666976
TA-08504,1,10.4911447060198
TA-08539,1,10.2073746821498
TA-08583,1,2.70416140393828
TA-08585,1,17.1068811448729
TA-08590,1,2.73198199451378
TA-08591,1,2.77093082131947
TA-08629,1,52.2331588054951
TA-08640,1,4.15639623197921
TA-08653,1,44.0038281132632
TA-08663,1,2.93785436477246
TA-08681,1,18.0833838740729
TA-08683,1,10.9724409229759
TA-08711,1,17.0428937865493
TA-08733,1,48.2269937626236
TA-08734,1,48.2269937626236
TA-08759,1,1.37711923348709
TA-08761,1,1.2380162806096
TA-08764,1,3.04913672707444
TA-08769,1,28.9640168481497
TA-08770,1,1.56629924940047
TA-08777,1,10.8333379700984
TA-08784,1,8.78574250374187
TA-08788,1,6.80769851382405
TA-08817,1,2.24790371850014
TA-08834,1,4.78235951992789
TA-08864,1,10.7220556077964
TA-08877,1,4.88807776411478
TA-08881,1,26.9581522676563
TA-08883,1,20.4453520139325
TA-08888,1,18.5563339138563
TA-08910,1,16.6422772822621
TA-08911,1,52.5530955971133
TA-08912,1,34.0357105100627
TA-08922,1,17.3795229325128
TA-08923,1,18.3170768349071
TA-08928,1,13.6793843859717
TA-08940,1,21.7668300662686
TA-08946,1,9.7789375872871
TA-08957,1,3.49704823533994
TA-08959,1,10.1155667332506
TA-08987,1,42.0090917690001
TA-08997,1,8.26271540092253
TA-09005,1,2.88499524267901
TA-09006,1,2.52054550614
TA-09007,1,0.823489481034703
TA-09009,1,14.5084379851215
TA-09025,1,6.30414582440756
TA-09031,1,9.08898694101478
TA-09036,1,6.37091524178875
TA-09054,1,4.50693567323047
TA-09055,1,5.67540047740133
TA-09056,1,33.829838139804
TA-09058,1,1.64976102112696
TA-09067,1,2.62626375032689
TA-09073,1,1.76104338342894
TA-09077,1,2.82100788435537
TA-09078,1,2.82100788435537
TA-09103,1,26.7022028343618
TA-09108,1,8.52144689327465
TA-09110,1,2.46212226593146
TA-09111,1,3.0074058412112
TA-09114,1,4.77957746087034
TA-09128,1,59.1577037997363
TA-09132,1,4.47633302359742
TA-09139,1,1.81112044646484
TA-09159,1,9.93473289450988
TA-09160,1,10.7637864936597
TA-09174,1,10.2101567412073
TA-09186,1,13.6209611457632
TA-09188,1,26.5297151727937
TA-09189,1,22.907474279864
TA-09197,1,6.96905793916193
TA-09236,1,12.7640869560379
TA-09238,1,18.4979106736478
TA-09240,1,18.2363971222381
TA-09243,1,6.04541433205544
TA-09272,1,2.25903195473033
TA-09277,1,2.69859728582318
TA-09280,1,9.92082259922213
TA-09306,1,2.86830288833371
TA-09312,1,8.51588277515955
TA-09335,1,1.44388865086828
TA-09342,1,64.2766924656276
TA-09343,1,8.57987013348319
TA-09347,1,17.3405741057071
TA-09350,1,18.0277426929219
TA-09352,1,9.95977142602783
TA-09366,1,3.29952204225391
TA-09372,1,6.20677375739332
TA-09381,1,3.79472855449775
TA-09384,1,15.0787600919192
TA-09385,1,3.52486882591544
TA-09424,1,4.2843709486265
TA-09440,1,8.8845837761444
TA-09451,1,8.18203568825359
TA-09461,1,23.3108728432087
TA-09478,1,27.5980258508928
TA-09522,1,6.59347996639273
TA-09523,1,18.7816806975178
TA-09528,1,15.011990674538
TA-09530,1,20.4342237777024
TA-09531,1,22.5791913110731
TA-09532,1,22.3343701140088
TA-09534,1,9.8067581778626
TA-09535,1,6.70198026963716
TA-09537,1,15.8716469233209
TA-09538,1,13.8184873388492
TA-09540,1,11.5538912660038
TA-09546,1,15.1010165643796
TA-09547,1,14.4973097488913
TA-09552,1,14.0827829493164
TA-09553,1,10.4521958792141
TA-09555,1,9.61201404383412
TA-09556,1,12.096392782226
TA-09557,1,11.0169538678967
TA-09559,1,9.18079488991392
TA-09561,1,12.9282284404333
TA-09562,1,16.1748913605938
TA-09565,1,14.2663988471147
TA-09566,1,3.18545762089438
TA-09571,1,6.27354317477451
TA-09572,1,6.27354317477451
TA-09591,1,23.4889246228919
TA-09592,1,1.3047856979908
TA-09604,1,22.1618824524407
TA-09606,1,3.21049615241232
TA-09607,1,3.58885618423908
TA-09612,1,70.9953650896101
TA-09621,1,1.79442809211954
TA-09623,1,1.49118365484663
TA-09624,1,1.61637631243636
TA-09630,1,3.14650879408868
TA-09633,1,16.4030202033129
TA-09635,1,6.84108322251465
TA-09645,1,2.32816612231044
TA-09678,1,15.3013248165232
TA-09679,1,12.0797004278807
TA-09682,1,22.1980492201888
TA-09685,1,18.8401039377264
TA-09686,1,9.75946317388425
TA-09694,1,115.953439459613
TA-09704,1,11.7128307172705
TA-09708,1,12.572124881067
TA-09711,1,8.83651508154215
TA-09723,1,13.0701134523684
TA-09732,1,19.491105757193
TA-09737,1,51.8186320059202
TA-09738,1,58.609638165399
TA-09739,1,11.7152506913417
TA-09745,1,2.00030046237822
TA-09752,1,18.20023035449
TA-09754,1,10.2630158633007
TA-09759,1,21.2660594359097
TA-09761,1,13.1841778737279
TA-09766,1,15.3541839386166
TA-09771,1,53.0399559321845
TA-09774,1,5.76999048535802
TA-09784,1,2.35918608080212
TA-09803,1,9.57028315797088
TA-09807,1,1.29643952081815
TA-09808,1,1.2992215798757
TA-09810,1,4.47911508265497
TA-09811,1,95.1937147721772
TA-09812,1,95.1937147721772
TA-09815,1,8.64385749180684
TA-09816,1,13.2815499407421
TA-09823,1,11.7235968685143
TA-09824,1,19.1433483749993
TA-09825,1,11.7430712819172
TA-09826,1,12.0184951286146
TA-09828,1,12.040751601075
TA-09829,1,9.00552516928829
TA-09831,1,5.65592606399849
TA-09835,1,1.54404277694007
TA-09837,1,3.03522643178669
TA-09838,1,3.21049615241232
TA-09839,1,3.63893324727497
TA-09841,1,1.54682483599762
TA-09846,1,3.03244437272914
TA-09847,1,3.69735648748352
TA-09848,1,5.71713136326458
TA-09849,1,4.31497359825954
TA-09851,1,3.07417525859239
TA-09854,1,2.10323664750755
TA-09862,1,1.54404277694007
TA-09864,1,3.89766473962709
TA-09866,1,2.37031431703232
TA-09867,1,3.31899645565676
TA-09869,1,4.07849857836782
TA-09880,1,12.126995431859
TA-09896,1,5.01883453981961
TA-09907,1,8.0540609716063
TA-09908,1,4.36783272035299
TA-09909,1,12.7223560701747
TA-09910,1,11.731943045687
TA-09911,1,3.34125292811716
TA-09912,1,2.74032817168643
TA-09916,1,8.66611396426723
TA-09918,1,1.76938956060159
TA-09919,1,26.7244593068222
TA-09921,1,50.4303845362029
TA-09924,1,282.384558459407
TA-09927,1,34.8647641092125
TA-09929,1,5.9758628556167
TA-09930,1,11.003043572609
TA-09931,1,12.1882007311251
TA-09934,1,3.99503680664133
TA-09945,1,9.91525848110704
TA-09946,1,6.95514764387418
TA-09949,1,110.639706659693
TA-09951,1,9.98202789848823
TA-09956,1,3.04635466801689
TA-09957,1,1.95578751745742
TA-09958,1,1.93631310405457
TA-09962,1,2.31745519493888
TA-09965,1,2.89890553796676
TA-09966,1,2.70137934488073
TA-09969,1,7.53659798690207
TA-09978,1,1.05996450092643
TA-09980,1,1.74435102908365
TA-09981,1,28.98627332061
TA-09992,1,2.26737813190298
TA-09993,1,30.9949199601609
TA-10009,1,74.3227077224395
TA-10016,1,7.19996884093855
TA-10017,1,9.00830722834584
TA-10025,1,2.996277604981
TA-10029,1,29.0391324427035
TA-10039,1,0.987630965430134
TA-10059,1,5.40554074881902
TA-10062,1,2.70972552205338
TA-10063,1,2.91559789231206
TA-10065,1,9.66765522498511
TA-10069,1,30.6082137511615
TA-10095,1,2.76536670320438
TA-10098,1,2.69303316770808
TA-10100,1,3.09921379011034
TA-10101,1,2.99905966403855
TA-10105,1,3.33290675094451
TA-10106,1,10.7387479621417
TA-10117,1,2.03090311201126
TA-10121,1,1.41050394217768
TA-10122,1,29.907134868659
TA-10123,1,10.5885167730341
TA-10140,1,7.27786649454995
TA-10141,1,7.27786649454995
TA-10142,1,4.83800070107888
TA-10143,1,4.83800070107888
TA-10147,1,1.43276041463808
TA-10154,1,32.4471547882018
TA-10157,1,1.28531128458795
TA-10160,1,7.52825180972942
TA-10163,1,4.19812711784246
TA-10165,1,7.19440472282345
TA-10168,1,1.65810719829961
TA-10180,1,24.1065417336679
TA-10188,1,3.05470084518954
TA-10189,1,3.79194649544021
TA-10203,1,2.40648108478047
TA-10204,1,2.65686639995994
TA-10205,1,70.9508521446893
TA-10206,1,70.9508521446893
TA-10208,1,7.82036801077213
TA-10209,1,7.82036801077213
TA-10218,1,6.08992727697624
TA-10219,1,4.6710771576259
TA-10226,1,9.45343667755379
TA-10228,1,8.06797126689405
TA-10230,1,7.99007361328266
TA-10239,1,3.91713915302994
TA-10241,1,37.0097316425833
TA-10242,1,61.4167357544666
TA-10259,1,3.70848472371371
TA-10260,1,3.23553468393027
TA-10261,1,4.2676785942812
TA-10262,1,7.84262448323253
TA-10263,1,17.4407282317789
TA-10265,1,19.1962074970927
TA-10276,1,6.00368344619219
TA-10295,1,6.99131441162233
TA-10300,1,274.54749809429
TA-10304,1,7.52825180972942
TA-10307,1,7.95390684553452
TA-10308,1,10.6413758951275
TA-10320,1,8.01233008574306
TA-10343,1,49.1617656059603
TA-10348,1,5.26087367782643
TA-10353,1,4.38452507469828
TA-10359,1,4.58483332684186
TA-10360,1,242.576075404929
TA-10361,1,21.313354439888
TA-10366,1,62.5712902633497
TA-10382,1,24.4626452930343
TA-10384,1,57.2881601130629
TA-10386,1,11.2089159428676
TA-10388,1,93.8221596568052
TA-10396,1,5.90074726106286
TA-10397,1,2.76536670320438
TA-10409,1,73.3489870522971
TA-10414,1,8.02067626291571
TA-10415,1,10.2602338042432
TA-10416,1,9.95698936697028
TA-10430,1,18.0305247519794
TA-10431,1,13.8212693979068
TA-10432,1,14.6558871151717
TA-10463,1,2.01421075766596
TA-10470,1,48.3744428926737
TA-10474,1,15.9745831084502
TA-10486,1,7.16658413224796
TA-10489,1,14.9980803792503
TA-10491,1,7.73968829810319
TA-10507,1,1.85841545044318
TA-10508,1,1.83059485986769
TA-10510,1,2.19504459640669
TA-10516,1,23.6697584616326
TA-10517,1,17.9693194527133
TA-10544,1,7.01635294314028
TA-10545,1,18.0722556378427
TA-10557,1,2.07541605693206
TA-10558,1,2.07541605693206
TA-10579,1,2.84882847493087
TA-10582,1,1.66645337547225
TA-10592,1,13.1090622791741
TA-10601,1,15.9829292856229
TA-10615,1,5.26643779594153
TA-10617,1,8.64663955086438
TA-10618,1,8.75513985410882
TA-10636,1,45.7008841383685
TA-10642,1,9.99315613471843
TA-10691,1,3.20771409335477
TA-10711,1,23.5306555087551
TA-10740,1,50.8449113357778
TA-10742,1,8.74122955882107
TA-10743,1,7.82315006982968
TA-10745,1,1.7304407337959
TA-10749,1,3.17432938466418
TA-10750,1,3.14650879408868
TA-10756,1,15.8911213367237
TA-10757,1,2.5539302148306
TA-10758,1,26.577010176772
TA-10854,1,9.70938611084836
TA-10855,1,10.5495679462284
TA-10863,1,10.3854264618329
TA-11008,1,3.89766473962709
TA-11010,1,4.96875747678372
TA-11016,1,0.959810374854637
TA-11021,1,10.2324132136677
TA-11038,1,2.1282751790255
TA-11059,1,5.24974544159623
TA-11061,1,1.37711923348709
TA-11065,1,4.10353710988577
TA-11094,1,21.8057788930743
TA-11097,1,40.1757148500748
TA-11098,1,32.5306165599283
TA-11099,1,39.680508337831
TA-11100,1,2.50385315179471
TA-11102,1,10.4327214658113
TA-11103,1,11.7124686322841
TA-11108,1,32.4638471425471
TA-11114,1,11.8766101166796
TA-11115,1,3.10755996728299
TA-11116,1,3.30786821942656
TA-11117,1,1.84172309609788
TA-11123,1,53.3793671372056
TA-11126,1,4.86081358535079
TA-11130,1,54.6841528351964
TA-11159,1,20.0252610962426
TA-11162,1,6.8104805728816
TA-11165,1,7.08868647863657
TA-11166,1,7.80089359736928
TA-11168,1,5.17462984704239
TA-11171,1,9.15575635839597
TA-11172,1,10.0321049615241
TA-11174,1,7.15823795507531
TA-11176,1,6.58791584827763
TA-11178,1,5.66149018211359
TA-11179,1,3.81698502695815
TA-11194,1,1.98360810803292
TA-11201,1,3.416368522671
TA-11211,1,0.890258898415896
TA-11213,1,1.88345398196113
TA-11228,1,2.18113430111894
TA-11231,1,27.8539752841873
TA-11232,1,55.1265002253468
TA-11247,1,7.47261062857842
TA-11257,1,172.379161264835
TA-11258,1,21.7278812394629
TA-11260,1,18.3866283113458
TA-11261,1,73.1375505639234
TA-11264,1,5.81450343027882
TA-11265,1,12.2021110264129
TA-11275,1,11.4899039076801
TA-11286,1,10.3770802846603
TA-11288,1,59.4637302960667
TA-11289,1,59.0408573193192
TA-11290,1,23.3309036684231
TA-11300,1,56.595427407733
TA-11301,1,57.5552377825876
TA-11306,1,5.71713136326458
TA-11313,1,5.76999048535802
TA-11329,1,5.21079661479054
TA-11332,1,17.8190882636057
TA-11341,1,15.1900424542212
TA-11363,1,53.2013153575224
TA-11365,1,60.8992727697624
TA-11367,1,0.982066847315035
TA-11369,1,1.40215776500504
TA-11370,1,1.56908130845802
TA-11375,1,2.70137934488073
TA-11380,1,5.36380986295577
TA-11382,1,10.0487973158694
TA-11386,1,4.15639623197921
TA-11391,1,104.207586118638
TA-11397,1,123.618012163162
TA-11403,1,5.32764309520762
TA-11404,1,5.32764309520762
TA-11409,1,27.72600056754
TA-11411,1,3.86706208999405
TA-11412,1,15.6073513128537
TA-11421,1,25.6784051011835
TA-11423,1,24.9884544549112
TA-11425,1,15.1204909777825
TA-11426,1,12.9171002042031
TA-11428,1,58.9267928979596
TA-11433,1,1.06038180978506
TA-11434,1,1.21228223432727
TA-11445,1,5.00770630358941
TA-11447,1,20.2867746476522
TA-11449,1,10.9167997418249
TA-11450,1,163.112122544137
TA-11451,1,138.017949845039
TA-11452,1,172.799252182525
TA-11453,1,187.819589034236
TA-11455,1,15.0592856785164
TA-11457,1,1.13508009548027
TA-11458,1,1.40493982406258
TA-11460,1,5.42779722127941
TA-11472,1,25.119211230616
TA-11473,1,25.6784051011835
TA-11480,1,10.8222097338682
TA-11483,1,21.6277271133912
TA-11515,1,1.38824746971729
TA-11519,1,5.27478397311418
TA-11534,1,9.96255348508538
TA-11537,1,8.03458655820346
TA-11539,1,5.91743961540816
TA-11542,1,2.68190493147789
TA-11544,1,39.3271868375222
TA-11549,1,4.32888389354729
TA-11555,1,54.9094996188579
TA-11561,1,28.70250329674
TA-11577,1,4.75453892935239
TA-11578,1,4.61543597647491
TA-11599,1,7.50043121915392
TA-11610,1,8.81356309431736
TA-11617,1,6.18173522587537
TA-11618,1,6.18173522587537
TA-11628,1,15.9773651675078
TA-11631,1,13.3817040668139
TA-11633,1,13.4929864291159
TA-11671,1,7.41696944742743
TA-11673,1,8.13474068427525
TA-11675,1,2.29241666342093
TA-11676,1,2.84604641587332
TA-11682,1,8.42129276720286
TA-11683,1,7.2361356086867
TA-11684,1,16.5977643373413
TA-11685,1,13.4289990707923
TA-11686,1,17.8580370904114
TA-11706,1,16.5170846246724
TA-11713,1,16.8119828847727
TA-11714,1,16.8119828847727
TA-11745,1,47.7123128369769
TA-11746,1,11.4648653761622
TA-11749,1,3.69735648748352
TA-11768,1,2.996277604981
TA-11777,1,3.37463763680775
TA-11807,1,12.3217395658875
TA-11809,1,3.8420235584761
TA-11814,1,3.41358646361345
TA-11816,1,2.77649493943457
TA-11818,1,3.81698502695815
TA-11819,1,28.3463997373736
TA-11825,1,2.5650584510608
TA-11843,1,15.3486198205015
TA-11863,1,8.37121570416697
TA-11876,1,53.741034814687
TA-11880,1,5.21636073290564
TA-11905,1,22.3343701140088
TA-11910,1,6.28745347006226
TA-11915,1,10.3993367571207
TA-11919,1,5.38050221730107
TA-11927,1,43.6783272035299
TA-11930,1,38.308953222459
TA-11931,1,88.3693239040078
TA-11932,1,93.9334420191072
TA-11938,1,78.5458733717999
TA-11961,1,4.85191099636663
TA-11962,1,17.8218703226632
TA-11963,1,55.390795835814
TA-11964,1,19.7303628361423
TA-11966,1,6.7826599823061
TA-11969,1,4.87138540976948
TA-11972,1,11.6707377464209
TA-11980,1,4.89920600034498
TA-11981,1,25.9065339439026
TA-11982,1,44.2681237237304
TA-11990,1,1.41328600123523
TA-12002,1,11.2172621200403
TA-12014,1,1.764381854298
TA-12016,1,1.54237354150554
TA-12033,1,4.39008919281338
TA-12035,1,0.984848906372584
TA-12043,1,51.696221407388
TA-12059,1,6.73814703738531
TA-12076,1,6.90785263989584
TA-12110,1,5.5001307567757
TA-12112,1,1.35208070196914
TA-12113,1,1.52456836353722
TA-12118,1,6.61573643885312
TA-12120,1,1.50231189107682
TA-12130,1,5.53629752452385
TA-12132,1,2.1338392971406
TA-12133,1,2.74311023074398
TA-12137,1,1.76660750154404
TA-12138,1,1.95022339934232
TA-12139,1,3.03800849084424
TA-12149,1,4.37339683846809
TA-12153,1,6.89394234460809
TA-12154,1,5.29425838651703
TA-12160,1,3.50261235345504
TA-12162,1,139.083478464081
TA-12169,1,7.11928912826961
TA-12172,1,91.1986779655359
TA-12176,1,5.77555460347312
TA-12177,1,11.6011862699821
TA-12178,1,6.20120963927822
TA-12181,1,64.7579886825838
TA-12184,1,7.27786649454995
TA-12186,1,11.6735198054784
TA-12194,1,9.98480995754578
TA-12198,1,12.0498137411461
TA-12199,1,7.50402035354406
TA-12200,1,4.05067798779232
TA-12203,1,17.1903429165994
TA-12206,1,10.4800164697896
TA-12219,1,19.151694552172
TA-12223,1,5.44727163468226
TA-12227,1,11.3591471319753
TA-12230,1,13.9603723507843
TA-12241,1,5.83675990273921
TA-12248,1,1.78608191494689
TA-12250,1,2.26459607284543
TA-12265,1,1.78608191494689
TA-12269,1,9.06951252761194
TA-12278,1,12.4580604597074
TA-12285,1,2.08098017504716
TA-12288,1,20.0864663955086
TA-12293,1,10.0237587843515
TA-12314,1,10.5316432788235
TA-12315,1,191.611535529676
TA-12326,1,4.91868041374782
TA-12328,1,9.16132047651107
TA-12334,1,3.77247208203736
TA-12336,1,3.59720236141173
TA-12341,1,7.58389299088041
TA-12344,1,6.69641615152206
TA-12345,1,6.69641615152206
TA-12347,1,89.9690078620989
TA-12350,1,9.18079488991392
TA-12352,1,32.5500909733312
TA-12354,1,1.88623604101868
TA-12355,1,2.84604641587332
TA-12382,1,11.7903662858955
TA-12383,1,33.8687869666097
TA-12393,1,4.92980864997802
TA-12395,1,4.38730713375583
TA-12396,1,4.73784657500709
TA-12398,1,7.97616331799491
TA-12407,1,2.68190493147789
TA-12422,1,93.0737857703243
TA-12431,1,23.383206378705
TA-12443,1,16.6255849279168
TA-12453,1,72.0330731180761
TA-12454,1,72.2639840198528
TA-12457,1,5.00770630358941
TA-12458,1,1.69983808416285
TA-12462,1,20.2533899389616
TA-12467,1,14.4917456307763
TA-12471,1,68.2244342682906
TA-12475,1,12.3662525108083
TA-12476,1,12.4803169321678
TA-12477,1,17.9081141534473
TA-12478,1,17.7857035549151
TA-12479,1,17.9081141534473
TA-12500,1,2.41204520289557
TA-12503,1,7.56441857747756
TA-12504,1,6.84108322251465
TA-12510,1,11.4597191233175
TA-12518,1,2.19782665546424
TA-12520,1,3.28282968790861
TA-12534,1,9.45900079566889
TA-12536,1,14.3498606188412
TA-12537,1,13.9492441145541
TA-12538,1,8.31835658207352
TA-12544,1,40.2174457359381
TA-12548,1,4.2176015312453
TA-12553,1,1.77495367871669
TA-12554,1,1.77495367871669
TA-12563,1,22.2509083422823
TA-12564,1,7.46426445140577
TA-12576,1,1.40493982406258
TA-12577,1,1.73322279285345
TA-12586,1,17.5937414799441
TA-12589,1,14.3498606188412
TA-12599,1,33.4681704623226
TA-12634,1,13.9102952877484
TA-12636,1,6.57122349393233
TA-12647,1,61.5308001758261
TA-12648,1,64.5242957217496
TA-12652,1,2.21730106886709
TA-12653,1,1.91127457253663
TA-12658,1,4.75175687029484
TA-12661,1,1.92518486782437
TA-12662,1,4.42069184244643
TA-12696,1,47.6399793014806
TA-12697,1,17.4824591176421
TA-12711,1,58.862805539636
TA-12715,1,4.77957746087034
TA-12717,1,9.45065461849624
TA-12718,1,9.50351374058968
TA-12720,1,10.9167997418249
TA-12739,1,100.994307907168
TA-12742,1,5.516823111121
TA-12746,1,41.8143476349716
TA-12874,1,4.2843709486265
TA-12894,1,2.09767252939245
TA-12895,1,7.48095680575107
TA-12896,1,7.48095680575107
TA-12898,1,5.60306694190504
TA-12903,1,7.67570093977955
TA-12905,1,2.5261096242551
TA-12919,1,9.11402547253273
TA-12929,1,8.13474068427525
TA-12939,1,65.3255287303239
TA-12940,1,44.7688943540893
TA-12943,1,12.8392025505917
TA-12994,1,7.90104772344107
TA-12995,1,8.75235779505127
TA-13011,1,21.1102641286869
TA-13013,1,8.38512599945472
TA-13014,1,31.2258308619375
TA-13016,1,6.01481168242239
TA-13025,1,5.74495195384007
TA-13029,1,2.87386700644881
TA-13030,1,5.70043900891928
TA-13033,1,2.42039138006822
TA-13034,1,1.62750454866656
TA-13035,1,2.996277604981
TA-13036,1,1.59133778091841
TA-13039,1,3.28839380602371
TA-13044,1,3.31065027848411
TA-13046,1,10.8444662063286
TA-13050,1,62.5963287948677
TA-13051,1,99.5977142602783
TA-13062,1,2.97123907346305
TA-13069,1,1.82503074175259
TA-13084,1,1.62472248960901
TA-13115,1,6.50445407655114
TA-13133,1,61.8479549083868
TA-13136,1,7.24448178585935
TA-13138,1,52.2915820457037
TA-13146,1,5.1245527840065
TA-13151,1,4.2843709486265
TA-13159,1,12.6249840031604
TA-13161,1,3.56659971177868
TA-13164,1,7.14989177790266
TA-13165,1,6.63242879319842
TA-13167,1,2.69025110865053
TA-13172,1,3.8030747316704
TA-13176,1,247.2638449169
TA-13180,1,4.56814097249656
TA-13182,1,36.714833382483
TA-13189,1,19.9028504977104
TA-13191,1,4.2788068305114
TA-13198,1,4.44016625584928
TA-13212,1,1.2825292255304
TA-13220,1,12.5192657589735
TA-13229,1,4.7155901025467
TA-13230,1,9.99315613471843
TA-13234,1,18.4506156696694
TA-13242,1,1.36320893819934
TA-13245,1,12.3300857430602
TA-13247,1,1.22410598532186
TA-13270,1,2.5372378604853
TA-13299,1,4.12301152328862
TA-13309,1,2.1616598877161
TA-13322,1,10.866722678789
TA-13323,1,61.4473384040996
TA-13330,1,4.12579358234617
TA-13336,1,198.803158193442
TA-13337,1,12.0101489514419
TA-13341,1,15.6045692537961
TA-13342,1,15.6045692537961
TA-13345,1,230.988799430234
TA-13347,1,181.045275229103
TA-13352,1,4.65716686233815
TA-13356,1,8.31279246395842
TA-13358,1,121.937648492402
TA-13361,1,1.98360810803292
TA-13363,1,5.25530955971133
TA-13374,1,4.95484718149597
TA-13375,1,4.91589835469027
TA-13376,1,12.6333301803331
TA-13384,1,11.5511092069462
TA-13401,1,3.28561174696616
TA-13433,1,12.5192657589735
TA-13446,1,11.4926859667377
TA-13456,1,17.306963772027
TA-13470,1,5.43057928033696
TA-13475,1,3.19658585712457
TA-13490,1,56.7011456519199
TA-13491,1,8.02067626291571
TA-13497,1,127.852306048753
TA-13500,1,50.7113725010154
TA-13529,1,4.74897481123729
TA-13534,1,105.448384458305
TA-13540,1,13.4623837794829
TA-13557,1,1.94744134028477
TA-13563,1,2.5817508054061
TA-13572,1,7.89548360532597
TA-13578,1,10.8222097338682
TA-13595,1,4.49024331888517
TA-13600,1,310.97021527573
TA-13604,1,3.12703438068583
TA-13623,1,2.04203134824146
TA-13624,1,2.17278812394629
TA-13630,1,11.0837232852779
TA-13635,1,2.9851493687508
TA-13638,1,9.51464197681988
TA-13639,1,19.4771954619053
TA-13649,1,69.056269926498
TA-13689,1,21.3787589790956
TA-13698,1,2.17835224206139
TA-13701,1,1.24636245778225
TA-13709,1,10.335349398797
TA-13710,1,2.73198199451378
TA-13711,1,4.16474240915186
TA-13712,1,4.36505066129544
TA-13713,1,10.9362741552278
TA-13715,1,4.36505066129544
TA-13716,1,4.16474240915186
TA-13719,1,7.30568708512544
TA-13720,1,4.63212833082021
TA-13721,1,12.6472404756208
TA-13737,1,16.3640713765072
TA-13749,1,14.6085921111933
TA-13753,1,183.821770168537
TA-13783,1,33.2650801511214
TA-13784,1,31.5207291220378
TA-13788,1,25.483660967155
TA-13804,1,2.35083990362947
TA-13830,1,12.3857269242111
TA-13833,1,5.1301169021216
TA-13858,1,2.79318729377987
TA-13865,1,19.5189263477685
TA-13866,1,21.7000606488875
TA-13868,1,129.527105601398
TA-13870,1,126.235929736316
TA-13871,1,5.27478397311418
TA-13874,1,125.056336695915
TA-13878,1,1.50509395013437
TA-13887,1,10.8194276748107
TA-13905,1,1.95022339934232
TA-13912,1,3.29395792413881
TA-13914,1,2.49550697462206
TA-13926,1,12.5192657589735
TA-13928,1,12.5192657589735
TA-13971,1,3.22440644770007
TA-13983,1,17.3461382238222
TA-13996,1,5.78111872158822
TA-14003,1,139.383940842296
TA-14037,1,23.408244910223
TA-14046,1,13.8602182247125
TA-14049,1,9.30320548844611
TA-14054,1,4.51249979134557
TA-14068,1,4.7100259844316
TA-14081,1,11.3201983051696
TA-14082,1,9.23921813012246
TA-14108,1,8.93040957473445
TA-14111,1,10.6580682494728
TA-14113,1,10.1211308513657
TA-14122,1,4.59039744495696
TA-14128,1,2.93229024665736
TA-14150,1,2.69859728582318
TA-14159,1,6.16504287153008
TA-14162,1,61.5558387073441
TA-14166,1,3.32177851471431
TA-14172,1,18.9708607134312
TA-14174,1,12.5192657589735
TA-14179,1,21.8614200742253
TA-14182,1,3.96721621606583
TA-14183,1,4.04511386967723
TA-14189,1,177.448072867691
TA-14190,1,93.6274155227767
TA-14192,1,348.166344875169
TA-14217,1,20.9043917584282
TA-14229,1,8.42129276720286
TA-14267,1,2.41482726195312
TA-14273,1,3.35238116434736
TA-14299,1,8.61047278311624
TA-14301,1,5.9869910918469
TA-14317,1,4.6543848032806
TA-14321,1,20.1921846396955
TA-14329,1,58.9685237838229
TA-14332,1,11.7569815772049
TA-14335,1,64.8414504543102
TA-14338,1,16.2917378410109
TA-14339,1,17.7495367871669
TA-14370,1,13.8490899884823
TA-14371,1,17.3405741057071
TA-14373,1,515.00920861548
TA-14374,1,381.890464770786
TA-14376,1,5.72547754043723
TA-14377,1,6.22903022985372
TA-14386,1,12.5192657589735
TA-14397,1,13.2092164052458
TA-14405,1,12.5192657589735
TA-14417,1,26.713331070592
TA-14418,1,12.6945354795992
TA-14426,1,2.80431553001007
TA-14427,1,2.92672612854226
TA-14429,1,2.62626375032689
TA-14431,1,2.68746904959298
TA-14432,1,4.05067798779232
TA-14448,1,84.0988632506691
TA-14449,1,2.70137934488073
TA-14450,1,10.416029111466
TA-14451,1,10.4049008752358
TA-14452,1,7.49486710103882
TA-14483,1,8.96379428342505
TA-14486,1,6.68528791529187
TA-14487,1,2.20339077357934
TA-14493,1,2.98236730969325
TA-14500,1,56.509183576949
TA-14501,1,2.32023725399643
TA-14503,1,4.41234566527378
TA-14525,1,3.92270327114504
TA-14530,1,30.0017248766157
TA-14531,1,31.5930626575341
TA-14536,1,96.7377575491172
TA-14537,1,23.8728487728337
TA-14589,1,4.12301152328862
TA-14603,1,6.50445407655114
TA-14604,1,8.9665763424826
TA-14605,1,8.39069011756981
TA-14607,1,15.5099792458394
TA-14608,1,8.02902244008836
TA-14617,1,15.3680942339044
TA-14629,1,9.14741018122333
TA-14665,1,22.7850636813318
TA-14670,1,40.9602555043038
TA-14671,1,50.7391930915909
TA-14672,1,104.647151449731
TA-14674,1,38.4703126477969
TA-14679,1,36.7843848589218
TA-14680,1,36.7843848589218
TA-14681,1,36.7843848589218
TA-14684,1,42.4319647457476
TA-14689,1,10.051579374927
TA-14690,1,10.9418382733429
TA-14701,1,15.5739666041631
TA-14710,1,62.5963287948677
TA-14724,1,27.6508849729862
TA-14725,1,27.6842696816768
TA-14729,1,2.49272491556451
TA-14730,1,2.35918608080212
TA-14738,1,7.34185385287359
TA-14749,1,17.3572664600524
TA-14761,1,13.8435258703672
TA-14802,1,4.24820418087835
TA-14809,1,65.1669513640436
TA-14851,1,4.46242272830968
TA-14864,1,3.30786821942656
TA-14866,1,2.5372378604853
TA-14867,1,3.49426617628239
TA-14869,1,2.82657200247047
TA-14887,1,3.14372673503113
TA-14895,1,4.71280804348915
TA-14896,1,3.26335527450577
TA-14903,1,4.20647329501511
TA-14904,1,4.01729327910173
TA-14905,1,4.77957746087034
TA-14911,1,5.76164430818537
TA-14912,1,5.59472076473239
TA-14920,1,14.338732382611
TA-14933,1,12.040751601075
TA-14934,1,11.1004156396232
TA-14937,1,10.0209767252939
TA-14950,1,1.64976102112696
TA-14960,1,30.8947658340891
TA-15016,1,20.8654429316225
TA-15018,1,27.2641787639868
TA-15019,1,5.25530955971133
TA-15028,1,13.6042687914179
TA-15032,1,16.0024036990257
TA-15034,1,12.5192657589735
TA-15038,1,12.5192657589735
TA-15047,1,14.7226565325529
TA-15048,1,9.20026930331677
TA-15054,1,1.67201749358735
TA-15055,1,1.33538834762384
TA-15062,1,9.73164258330876
TA-15087,1,12.5192657589735
TA-15096,1,14.9674777296172
TA-15102,1,10.5718244186888
TA-15116,1,8.88867868887121
TA-15125,1,4.85469305542418
TA-15127,1,8.93040957473445
TA-15128,1,16.6144566916866
TA-15129,1,24.5683635372212
TA-15148,1,4.12579358234617
TA-15149,1,5.15515543363955
TA-15154,1,2.65964845901749
TA-15156,1,10.1684258553441
TA-15158,1,3.68901031031087
TA-15165,1,4.53475626380597
TA-15179,1,6.19564552116312
TA-15180,1,5.9981193280771
TA-15185,1,11.8237509945861
TA-15186,1,11.8237509945861
TA-15188,1,36.3058707010232
TA-15208,1,1.47449130050133
TA-15221,1,2.1449675333708
TA-15227,1,28.6190415250135
TA-15236,1,45.3586908742899
TA-15242,1,4.00060092475643
TA-15243,1,2.78762317566477
TA-15244,1,5.15515543363955
TA-15248,1,2.23677548226994
TA-15250,1,9.65930904781247
TA-15253,1,41.811565575914
TA-15264,1,3.85036973564875
TA-15282,1,16.8926625974416
TA-15288,1,53.7020859878813
TA-15290,1,61.9230705029406
TA-15308,1,7.77585506585134
TA-15311,1,6.82995498628445
TA-15312,1,2.64852022278729
TA-15316,1,2.89055936079411
TA-15343,1,1.36877305631444
TA-15344,1,1.80555632834974
TA-15345,1,1.12673391830762
TA-15347,1,1.43832453275318
TA-15348,1,2.40648108478047
TA-15379,1,29.9154810458316
TA-15381,1,29.1198121553724
TA-15382,1,31.0616893775421
TA-15385,1,11.1115438758534
TA-15414,1,4.41234566527378
TA-15435,1,9.45900079566889
TA-15452,1,8.4852801255265
TA-15467,1,19.3130539775098
TA-15471,1,7.78976536113909
TA-15493,1,7.50321327821147
TA-15496,1,5.87570872954491
TA-15501,1,24.9411594509328
TA-15503,1,22.8879998664612
TA-15507,1,12.4302398691319
TA-15511,1,8.45745953495101
TA-15516,1,12.4330219281895
TA-15529,1,3.73630531428921
TA-15531,1,36.3225630553685
TA-15543,1,14.6225024064811
TA-15546,1,16.1776734196514
TA-15547,1,19.1628227884021
TA-15550,1,3.45531734947669
TA-15552,1,21.9337536097216
TA-15553,1,15.0453753832286
TA-15555,1,4.99657806735921
TA-15556,1,9.77615552822955
TA-15563,1,45.1917673308369
TA-15565,1,7.55607240030491
TA-15586,1,3.27170145167842
TA-15589,1,27.8205905754967
TA-15590,1,4.16474240915186
TA-15592,1,9.25591048446776
TA-15598,1,39.2325968295655
TA-15642,1,233.951692326525
TA-15646,1,6.95236558481663
TA-15650,1,98.345787684381
TA-15655,1,67.4259833187739
TA-15692,1,4.6488206851655
TA-15693,1,5.03552689416491
TA-15694,1,2.72363581734113
TA-15706,1,24.9689800415083
TA-15714,1,15.8048775059397
TA-15727,1,35.1513161921401
TA-15730,1,5.88961902483266
TA-15733,1,8.53813924761995
TA-15734,1,6.86890381309014
TA-15736,1,10.0988743789053
TA-15738,1,6.68250585623432
TA-15740,1,9.16966665368372
TA-15744,1,7.95112478647697
TA-15752,1,6.68528791529187
TA-15758,1,21.4811126010583
TA-15759,1,36.294742464793
TA-15761,1,29.7346472070909
TA-15766,1,7.33072561664339
TA-15768,1,26.3377530978228
TA-15771,1,17.6827673697857
TA-15772,1,9.49794962247459
TA-15774,1,4.65716686233815
TA-15776,1,122.713842969459
TA-15777,1,76.3230081848177
TA-15779,1,13.4790761338282
TA-15780,1,14.4833994536036
TA-15788,1,23.1328210635255
TA-15803,1,19.911196674883
TA-15807,1,16.4670075616365
TA-15811,1,68.6389610678655
TA-15834,1,22.0561642082538
TA-15835,1,23.3386934337842
TA-15839,1,14.0827829493164
TA-15869,1,14.5974638749631
TA-15870,1,13.9019491105757
TA-15872,1,3.16320114843398
TA-15874,1,13.523589078749
TA-15881,1,37.4409507965035
TA-15885,1,6.67694173811922
TA-15913,1,87.8713353327064
TA-15919,1,12.2688804437941
TA-15921,1,12.7073329512639
TA-15944,1,4.11188328705842
TA-16020,1,7.72577800281544
TA-16023,1,4.87694952788458
TA-16027,1,1.71096632039305
TA-16028,1,1.45779894615603
TA-16033,1,10.7916070842352
TA-16034,1,35.4823812199885
TA-16035,1,4.18143476349716
TA-16055,1,1.94187722216967
TA-16070,1,6.31249200158021
TA-16076,1,6.03985021394034
TA-16079,1,6.29023552911981
TA-16086,1,3.09643173105279
TA-16099,1,4.58483332684186
TA-16100,1,3.14372673503113
TA-16103,1,3.52208676685789
TA-16104,1,17.056804081837
TA-16105,1,25.8258542312336
TA-16106,1,8.71062690918803
TA-16107,1,30.4412902077085
TA-16119,1,5.04387307133756
TA-16120,1,5.04387307133756
TA-16129,1,11.2116980019252
TA-16148,1,9.63148845723697
TA-16149,1,8.19316392448379
TA-16156,1,9.84848906372584
TA-16195,1,9.70938611084836
TA-16228,1,5.13289896117915
TA-16246,1,36.9791289929503
TA-16254,1,9.55359080362558
TA-16255,1,34.7952126327738
TA-16256,1,4.79626981521564
TA-16260,1,4.38452507469828
TA-16262,1,4.73784657500709
TA-16279,1,70.1051061911942
TA-16280,1,69.8519388169572
TA-16281,1,18.2197047678928
TA-16282,1,20.2005308168682
TA-16289,1,5.27756603217173
TA-16290,1,5.09951425248855
TA-16297,1,13.0200363893325
TA-16298,1,6.10661963132153
TA-16312,1,2.62626375032689
TA-16318,1,21.0351485341331
TA-16319,1,23.3887704968201
TA-16321,1,8.9665763424826
TA-16324,1,12.5220478180311
TA-16325,1,12.8503307868219
TA-16326,1,47.2254525019057
TA-16334,1,53.5546368578312
TA-16337,1,20.3368517106881
TA-16340,1,23.828335827913
TA-16341,1,24.192785564452
TA-16343,1,24.192785564452
TA-16348,1,25.8035977587732
TA-16351,1,7.81758595171458
TA-16360,1,5.12733484306405
TA-16367,1,7.35854620721889
TA-16368,1,54.1110486693411
TA-16391,1,31.673742370203
TA-16392,1,32.4471547882018
TA-16398,1,3.19380379806703
TA-16400,1,4.84912893730908
TA-16407,1,4.74897481123729
TA-16410,1,4.09797299177067
TA-16411,1,11.311852127997
TA-16417,1,6.78544204136365
TA-16418,1,6.54896702147193
TA-16425,1,69.4068093677492
TA-16426,1,75.04882513646
TA-16428,1,70.2636835574746
TA-16429,1,5.75051607195518
TA-16436,1,112.45917328333
TA-16440,1,22.2258698107643
TA-16441,1,151.060242706832
TA-16456,1,16.5922002192263
TA-16458,1,15.3736583520195
TA-16460,1,14.2357961974817
TA-16464,1,87.5986935450666
TA-16476,1,7.29177678983769
TA-16477,1,19.911196674883
TA-16479,1,15.9912754627955
TA-16480,1,15.9912754627955
TA-16481,1,3.17154732560663
TA-16484,1,3.04913672707444
TA-16485,1,5.40275868976147
TA-16486,1,3.10199584916789
TA-16487,1,3.04913672707444
TA-16488,1,6.19286346210557
TA-16489,1,6.70476232869471
TA-16490,1,5.16071955175464
TA-16491,1,5.19410426044524
TA-16492,1,5.04943718945266
TA-16494,1,6.52114643089643
TA-16512,1,2.63460992749954
TA-16515,1,3.78638237732511
TA-16516,1,6.87724999026279
TA-16527,1,13.3065884722601
TA-16534,1,33.8632228484946
TA-16535,1,10.3075288082215
TA-16537,1,3.8587159128214
TA-16538,1,7.2250073724565
TA-16541,1,96.2675895683913
TA-16545,1,13.554191728382
TA-16559,1,4.77679540181279
TA-16576,1,2.85439259304597
TA-16583,1,19.5745675289195
TA-16586,1,95.1408556500837
TA-16588,1,387.513006126094
TA-16594,1,7.48652092386617
TA-16601,1,3.29117586508126
TA-16603,1,7.48095680575107
TA-16607,1,6.69085203340696
TA-16610,1,6.69085203340696
TA-16611,1,9.21696165766207
TA-16612,1,5.48065634337286
TA-16613,1,4.42069184244643
TA-16625,1,31.7460759056993
TA-16627,1,14.7532591821859
TA-16630,1,2.53445580142775
TA-16634,1,16.5254308018451
TA-16653,1,9.3365901971367
TA-16659,1,28.0153347095252
TA-16660,1,28.0153347095252
TA-16665,1,12.547086349549
TA-16667,1,40.4149719290241
TA-16668,1,33.2400416196035
TA-16671,1,5.89240108389021
TA-16672,1,13.1813958146704
TA-16675,1,5.61697723719279
TA-16676,1,26.015034247147
TA-16681,1,10.3075288082215
TA-16682,1,2.04759546635656
TA-16688,1,82.7175709285957
TA-16704,1,8.83303750772021
TA-16710,1,10.9946973954363
TA-16711,1,8.32392070018862
TA-16712,1,6.27910729288961
TA-16713,1,120.301797766563
TA-16717,1,1.55795307222782
TA-16718,1,1.55795307222782
TA-16720,1,1.55795307222782
TA-16721,1,10.3103108672791
TA-16722,1,4.12857564140372
TA-16724,1,183.969219298587
TA-16725,1,23.6753225797477
TA-16731,1,4.75732098840994
TA-16733,1,2.87943112456391
TA-16734,1,2.24512165944259
TA-16738,1,4.90755217751762
TA-16742,1,38.6706208999405
TA-16743,1,38.6706208999405
TA-16747,1,6.95514764387418
TA-16750,1,4.20369123595756
TA-16751,1,4.256550358051
TA-16756,1,7.27786649454995
TA-16757,1,7.26673825831975
TA-16759,1,7.35576414816134
TA-16762,1,2.75980258508928
TA-16768,1,50.4693333630086
TA-16774,1,4.84078276013643
TA-16777,1,12.6639328299661
TA-16782,1,2.82378994341292
TA-16784,1,26.5102407593908
TA-16794,1,4.76288510652504
TA-16799,1,3.93104944831769
TA-16800,1,13.5931405551877
TA-16804,1,5.32764309520762
TA-16809,1,17.5520105940809
TA-16813,1,4.79905187427319
TA-16824,1,9.55637286268313
TA-16826,1,12.0435336601325
TA-16828,1,9.62592433912187
TA-16831,1,5.30816868180478
TA-16833,1,4.75453892935239
TA-16834,1,3.09643173105279
TA-16836,1,3.09643173105279
TA-16841,1,9.92082259922213
TA-16842,1,11.9962386561542
TA-16844,1,9.81510435503525
TA-16845,1,11.4899039076801
TA-16846,1,10.1461693828837
TA-16847,1,10.1461693828837
TA-16848,1,10.1461693828837
TA-16849,1,10.1461693828837
TA-16851,1,9.89856612676174
TA-16852,1,9.89856612676174
TA-16853,1,9.17244871274127
TA-16858,1,7.40584121119723
TA-16859,1,9.45343667755379
TA-16866,1,96.8740784429372
TA-16872,1,3.12425232162828
TA-16878,1,9.72051434707856
TA-16879,1,9.43396226415094
TA-16897,1,14.5028738670064
TA-16979,1,57.3187627626959
TA-16981,1,25.1665062345943
TA-16988,1,24.5961841277967
TA-17042,1,3.13816261691603
TA-17046,1,9.41726990980565
TA-17049,1,17.3377920466496
TA-17050,1,17.8636012085265
TA-17051,1,20.893263522198
TA-17053,1,10.3464776350272
TA-17054,1,18.5618980319714
TA-17056,1,136.457214713754
TA-17062,1,159.537176655186
TA-17063,1,197.97688665335
TA-17078,1,67.295226543069
TA-17079,1,21.8586380151678
TA-17118,1,73.3072561664339
TA-17119,1,66.2714288098908
TA-17126,1,3.56659971177868
TA-17128,1,3.31621439659921
TA-17149,1,6.62686467508332
TA-17160,1,11.8913550296846
TA-17176,1,8.40460041285756
TA-17180,1,6.16226081247253
TA-17188,1,8.4852801255265
TA-17197,1,8.61603690123134
TA-17203,1,3.73630531428921
TA-17214,1,112.158710905115
TA-17216,1,29.3006459941132
TA-17219,1,23.7504381743016
TA-17221,1,12.1575980814921
TA-17227,1,19.435464576042
TA-17228,1,26.2459451489236
TA-17253,1,9.52020609493498
TA-17254,1,9.52855227210763
TA-17256,1,13.4039605392743
TA-17257,1,13.4039605392743
TA-17258,1,17.9275885668501
TA-17274,1,404.08294987286
TA-17275,1,404.08294987286
TA-17304,1,16.3362507859317
TA-17308,1,14.2469244337119
TA-17310,1,44.7828046493771
TA-17321,1,8.0818815621818
TA-17323,1,8.40460041285756
TA-17327,1,7.55607240030491
TA-17328,1,7.39193091590948
TA-17329,1,6.8271729272269
TA-17339,1,10.7331838440266
TA-17359,1,42.6823500609271
TA-17360,1,42.6823500609271
TA-17362,1,19.5690034108044
TA-17376,1,52.2721076323008
TA-17378,1,2.50941726990981
TA-17379,1,36.6870127919075
TA-17396,1,74.8707733567768
TA-17401,1,5.53073340640875
TA-17406,1,2.70137934488073
TA-17408,1,5.27200191405663
TA-17413,1,4.87138540976948
TA-17424,1,19.7220166589696
TA-17426,1,22.0756386216567
TA-17427,1,26.0623292511253
TA-17428,1,20.7986735142414
TA-17431,1,6.26519699760186
TA-17433,1,8.58821631065584
TA-17436,1,6.8216088091118
TA-17437,1,8.26827951903763
TA-17439,1,102.599555983374
TA-17441,1,3.75856178674961
TA-17444,1,4.72950039783445
TA-17446,1,24.3541449897898
TA-17456,1,1.22410598532186
TA-17484,1,112.372929452546
TA-17553,1,56.4730168092008
TA-17654,1,1.54126071788252
TA-17657,1,2.47881462027676
TA-17677,1,8.71340896824558
TA-17684,1,15.7381080885585
TA-17685,1,11.4481730218169
TA-17693,1,4.6822053938561
TA-17694,1,4.6822053938561
TA-17695,1,4.41234566527378
TA-17696,1,8.38234394039717
TA-17711,1,29.4453130651057
TA-17716,1,13.8212693979068
TA-17717,1,13.220344641476
TA-17718,1,14.41941209528
TA-17720,1,12.2132392626431
TA-17721,1,13.103498161059
TA-17724,1,50.0075115594554
TA-17736,1,3.68066413313822
TA-17741,1,1.82781280081014
TA-17777,1,18.6342315674677
TA-17789,1,11.5900580337519
TA-17791,1,11.8237509945861
TA-17792,1,16.8982267155567
TA-17793,1,62.7326496886876
TA-17795,1,8.10135597558465
TA-17798,1,23.9090155405819
TA-17802,1,3.66397177879292
TA-17803,1,3.26057321544822
TA-17804,1,3.4441891132465
TA-17807,1,2.58453286446365
TA-17809,1,1.64141484395431
TA-17812,1,7.76472682962114
TA-17813,1,1.60803013526371
TA-17816,1,14.8645415444879
TA-17823,1,68.6139225363476
TA-17824,1,70.9925830305526
TA-17825,1,9.55359080362558
TA-17850,1,139.091824641253
TA-17861,1,3.54156118026073
TA-17862,1,3.43584293607385
TA-17879,1,6.32362023781041
TA-17881,1,13.8963849924606
TA-17884,1,44.1790978338888
TA-17889,1,5.5223872292361
TA-17890,1,5.32764309520762
TA-17900,1,7.76472682962114
TA-17920,1,122.405034414071
TA-17926,1,17.4852411766997
TA-17935,1,10.9919153363788
TA-17939,1,16.3028660772411
TA-17940,1,54.0776639606506
TA-17943,1,27.6675773273315
TA-17944,1,23.5473478631004
TA-17950,1,28.3157970877406
TA-17958,1,38.9432626875803
TA-17961,1,32.9840921863089
TA-17975,1,8.10135597558465
TA-17978,1,8.75792191316637
TA-17979,1,10.4132470524084
TA-17982,1,5.74216989478253
TA-17986,1,5.73938783572498
TA-17987,1,5.73938783572498
TA-17988,1,9.37832108299995
TA-17999,1,43.1775565731709
TA-18005,1,106.947914290325
TA-18008,1,47.3673375138407
TA-18009,1,5.72269548137968
TA-18018,1,14.2469244337119
TA-18020,1,22.153536275268
TA-18023,1,6.87724999026279
TA-18028,1,41.8393861664895
TA-18031,1,4.256550358051
TA-18042,1,6.09270933603378
TA-18043,1,7.97616331799491
TA-18048,1,4.27602477145385
TA-18049,1,5.36380986295577
TA-18051,1,4.2454221218208
TA-18065,1,77.6222297646934
TA-18067,1,8.22933069223193
TA-18073,1,8.34617717264902
TA-18095,1,45.1750749764916
TA-18101,1,12.4775348731103
TA-18109,1,8.23767686940458
TA-18129,1,8.97492251965525
TA-18131,1,59.9450265130228
TA-18157,1,4.88529570505723
TA-18159,1,2.91559789231206
TA-18160,1,3.67231795596557
TA-18162,1,7.89548360532597
TA-18174,1,9.34493637430935
TA-18177,1,126.294352976525
TA-18192,1,3.99781886569888
TA-18193,1,6.20677375739332
TA-18194,1,10.3798623437178
TA-18195,1,10.3770802846603
TA-18197,1,19.7915681354084
TA-18203,1,4.33166595260484
TA-18206,1,12.1882007311251
TA-18210,1,10.6664144266454
TA-18225,1,31.7154732560663
TA-18227,1,74.2531562460008
TA-18228,1,50.3107559967283
TA-18232,1,75.6525319519483
TA-18241,1,11.9322512978305
TA-18250,1,2.74032817168643
TA-18254,1,8.96935840154015
TA-18256,1,12.2855727981394
TA-18269,1,14.1078214808344
TA-18290,1,2.62626375032689
TA-18291,1,2.62626375032689
TA-18293,1,2.9628928962904
TA-18298,1,6.73258291927021
TA-18308,1,13.5903584961302
TA-18309,1,13.0033440349872
TA-18310,1,11.1783132932346
TA-18318,1,5.29982250463213
TA-18320,1,36.5673842524329
TA-18321,1,36.6118971973537
TA-18324,1,4.81296216956093
TA-18326,1,4.2231656493604
TA-18334,1,40.4261001652543
TA-18336,1,1.72765867473835
TA-18337,1,1.68036367076
TA-18338,1,1.71096632039305
TA-18352,1,2.81266170718272
TA-18365,1,11.0865053443354
TA-18367,1,7.33072561664339
TA-18380,1,21.6861503535997
TA-18382,1,10.5634782415161
TA-18386,1,6.98296823444968
TA-18396,1,9.04169193703644
TA-18397,1,8.93040957473445
TA-18399,1,10.669196485703
TA-18403,1,13.6070508504755
TA-18412,1,17.3016252789014
TA-18413,1,19.5189263477685
TA-18416,1,17.4824591176421
TA-18417,1,16.1359425337881
TA-18420,1,4.87138540976948
TA-18421,1,5.26365573688398
TA-18422,1,16.408584321428
TA-18428,1,7.47261062857842
TA-18429,1,10.8722867969041
TA-18449,1,4.51528185040312
TA-18453,1,42.3791056236542
TA-18455,1,42.2038359030285
TA-18456,1,50.3385765873038
TA-18460,1,49.8294597797722
TA-18489,1,4.6822053938561
TA-18495,1,17.4574205861242
TA-18496,1,7.6951753531824
TA-18497,1,6.20955581645087
TA-18500,1,36.8149875085548
TA-18501,1,25.007928868314
TA-18508,1,16.3084301953562
TA-18522,1,3.18823967995193
TA-18524,1,98.7046733028049
TA-18525,1,15.0787600919192
TA-18528,1,6.82995498628445
TA-18530,1,7.48652092386617
TA-18532,1,0.901387134646094
TA-18536,1,363.381425860908
TA-18537,1,299.858671399876
TA-18540,1,17.891421799102
TA-18543,1,5.32486103615008
TA-18556,1,4.65716686233815
TA-18561,1,8.82747338960511
TA-18562,1,10.2240670364951
TA-18578,1,136.262470579725
TA-18579,1,114.031036650846
TA-18589,1,21.8614200742253
TA-18590,1,106.433233364678
TA-18610,1,23.7337458199563
TA-18614,1,4.81852628767603
TA-18615,1,24.1844393872793
TA-18617,1,20.0391713915303
TA-18623,1,18.9541683590859
TA-18625,1,19.8138246078688
TA-18627,1,18.1501532914541
TA-18629,1,16.4836999159818
TA-18637,1,9.90413024487684
TA-18711,1,304.062362635834
TA-18728,1,2.1115828246802
TA-18731,1,4.80183393333074
TA-18740,1,0.776194477056359
TA-18741,1,1.79999221023464
TA-18746,1,3.85593385376385
TA-18748,1,6.64912114754372
TA-18751,1,34.9148411722484
TA-18752,1,107.354094912727
TA-18753,1,74.8624271796042
TA-18758,1,40.1284198460965
TA-18764,1,50.9784501705402
TA-18768,1,120.307361884678
TA-18770,1,8.76348603128147
TA-18771,1,4.81018011050339
TA-18774,1,22.487383362174
TA-18775,1,67.4176371416012
TA-18778,1,4.41790978338888
TA-18783,1,5.39163045353127
TA-18786,1,5.80059313499107
TA-18792,1,6.50723613560869
TA-18808,1,12.2021110264129
TA-18812,1,3.70570266465617
TA-18813,1,16.3473790221619
TA-18814,1,16.3473790221619
TA-18817,1,16.3473790221619
TA-18818,1,16.3473790221619
TA-18820,1,10.4661061745019
TA-18824,1,21.3272647351758
TA-18826,1,3.26335527450577
TA-18828,1,3.13538055785848
TA-18830,1,3.13538055785848
TA-18831,1,3.13538055785848
TA-18832,1,3.13538055785848
TA-18835,1,3.13538055785848
TA-18836,1,3.13538055785848
TA-18848,1,5.88405490671756
TA-18849,1,7.91927021026802
TA-18850,1,15.7575825019614
TA-18854,1,2.94898260100265
TA-18856,1,2.94898260100265
TA-18857,1,3.45253529041914
TA-18866,1,1.7026201432204
TA-18871,1,10.8945432693645
TA-18877,1,10.7304017849691
TA-18879,1,5.54742576075405
TA-19011,1,2.36475019891722
TA-19016,1,3.99503680664133
TA-19030,1,5.84788813896941
TA-19033,1,2.31189107682378
TA-19038,1,3.0185340774414
TA-19039,1,3.0185340774414
TA-19041,1,16.8564958296935
TA-19042,1,4.27602477145385
TA-19056,1,1.51622218636457
TA-19080,1,930.676652403977
TA-19089,1,1.65810719829961
TA-19097,1,8.933191633792
TA-19204,1,8.38234394039717
TA-19205,1,8.38234394039717
TA-19238,1,36.1333830394552
TA-19239,1,3.19102173900948
TA-19242,1,3.19102173900948
TA-19245,1,3.11868820351318
TA-19247,1,29.6094545495012
TA-19248,1,34.1915058172855
TA-19253,1,9.8067581778626
TA-19255,1,6.14835051718478
TA-19260,1,2.67077669524769
TA-19262,1,2.67077669524769
TA-19263,1,2.67077669524769
TA-19264,1,2.67077669524769
TA-19269,1,2.21730106886709
TA-19270,1,2.21730106886709
TA-19275,1,2.21730106886709
TA-19276,1,2.69859728582318
TA-19284,1,4.56814097249656
TA-19285,1,1.42719629652298
TA-19287,1,8.88589662981366
TA-19316,1,1.79442809211954
TA-19325,1,7.71186770752769
TA-19331,1,6.96905793916193
TA-19335,1,5.0911680753159
TA-19351,1,90.561586441357
TA-19373,1,9.29485931127346
TA-19387,1,8.02345832197326
TA-19468,1,29.2783895216528
TA-19470,1,2.10323664750755
TA-19478,1,0.523027102819339
TA-19485,1,11.5678015612915
TA-19486,1,10.5801705958614
TA-19489,1,14.5946818159056
TA-19499,1,22.8156663309649
TA-19500,1,2.58453286446365
TA-19501,1,1.63863278489676
TA-19507,1,7.93999655024677
TA-19516,1,6.357004946501
TA-19521,1,6.4015178914218
TA-19525,1,1.59411983997596
TA-19530,1,2.30632695870868
TA-19531,1,12.8503307868219
TA-19533,1,4.27046065333875
TA-19540,1,8.1152662708724
TA-19543,1,1.00988743789053
TA-19549,1,8.67446014143988
TA-19552,1,34.1275184589618
TA-19558,1,5.30816868180478
TA-19559,1,2.92950818759981
TA-19561,1,11.8126227583559
TA-19562,1,1.85841545044318
TA-19568,1,1.61915837149391
TA-19569,1,2.53445580142775
TA-19571,1,3.49426617628239
TA-19574,1,3.88931856245444
TA-19575,1,44.4267010900107
TA-19580,1,1.07665685527172
TA-19581,1,1.61915837149391
TA-19589,1,4.46798684642478
TA-19592,1,6.28467141100471
TA-19601,1,3.98112651135358
TA-19604,1,5.19132220138769
TA-19609,1,9.7622452329418
TA-19612,1,15.0843242100343
TA-19616,1,12.9755234444117
TA-19621,1,64.7718989778715
TA-19636,1,80.3514297001497
TA-19637,1,1.05161832375378
TA-19638,1,32.7086683396115
TA-19651,1,10.9640947458033
TA-19652,1,2.26459607284543
TA-19653,1,2.50385315179471
TA-19655,1,7.2250073724565
TA-19656,1,10.279708217646
TA-19665,1,40.7627293112178
TA-19679,1,15.0008624383078
TA-19689,1,7.02469912031292
TA-19690,1,2.97680319157815
TA-19691,1,4.80183393333074
TA-19692,1,43.5336601325373
TA-19697,1,5.33877133143782
TA-19699,1,5.37215604012842
TA-19700,1,1.72209455662325
TA-19702,1,1.68870984793265
TA-19740,1,3.45809940853424
TA-19743,1,1.94744134028477
TA-19744,1,1.07943891432927
TA-19745,1,5.18297602421504
TA-19748,1,10.6914529581634
TA-19749,1,6.98296823444968
TA-19750,1,2.24233960038504
TA-19777,1,3.04635466801689
TA-19778,1,6.96349382104683
TA-19780,1,0.945900079566889
TA-19821,1,22.2230877517068
TA-19841,1,13.4150887755045
TA-19850,1,9.61201404383412
TA-19853,1,13.3260628856629
TA-19854,1,6.22903022985372
TA-19855,1,4.62378215364756
TA-19856,1,7.59502122711061
TA-19862,1,49.5929847598805
TA-19865,1,4.09519093271312
TA-19867,1,1.80833838740729
TA-19869,1,12.9977799168721
TA-19870,1,5.82006754839392
TA-19878,1,13.5402814330943
TA-19879,1,11.5455450888311
TA-19880,1,1.51622218636457
TA-19883,1,3.8030747316704
TA-19902,1,3.31621439659921
TA-19905,1,1.39102952877484
TA-19907,1,5.60028488284749
TA-19909,1,4.85747511448173
TA-19934,1,6.09270933603378
TA-19943,1,6.66303144283147
TA-19995,1,10.6886708991058
TA-20039,1,76.4092520156018
TA-20075,1,4.90198805940252
TA-20081,1,0.873566544070598
TA-20083,1,3.81698502695815
TA-20092,1,4.2398580037057
TA-20094,1,1.7471330881412
TA-20095,1,1.82781280081014
TA-20099,1,1.78886397400444
TA-20111,1,1.46058100521358
TA-20116,1,0.834617717264902
TA-20118,1,1.10169538678967
TA-20125,1,7.51712357349922
TA-20132,1,11.367493309148
TA-20133,1,1.94744134028477
TA-20134,1,1.94744134028477
TA-20135,1,2.22564724603974
TA-20142,1,1.40772188312013
TA-20143,1,1.53013248165232
TA-20144,1,1.63306866678166
TA-20180,1,90.6088814453353
TA-20205,1,6.90507058083829
TA-20364,1,3.02966231367159
TA-20395,1,19.0737968985606
TA-20400,1,7.26117414020465
TA-20407,1,2.21451900980954
TA-20433,1,8.19316392448379
TA-20571,1,21.8948047829159
TA-20584,1,3.06582908141974
TA-21027,1,62.5963287948677
TA-21030,1,80.6685844327103
TA-21074,1,1.34929864291159
TA-21075,1,1.40215776500504
TA-21086,1,6.56009525770213
TA-21097,1,3.60833059764193
TA-21099,1,3.56659971177868
TA-21102,1,5.5557719379267
TA-21104,1,1.39659364688994
TA-21105,1,1.32426011139364
TA-21107,1,1.39659364688994
TA-21108,1,1.52735042259477
TA-21118,1,19.0125915992945
TA-21120,1,3.21606027052742
TA-21127,1,7.58111093182286
TA-21136,1,8.89702486604386
TA-21141,1,1.93631310405457
TA-21158,1,0.706643000617617
TA-21161,1,7.23335354962915
TA-21164,1,7.94834272741942
TA-21167,1,14.9146186075238
TA-21171,1,4.60708979930226
TA-21175,1,5.88127284766001
TA-21176,1,16.2750454866656
TA-21177,1,2.60957139598159
TA-21179,1,22.9853719334754
TA-21180,1,8.02902244008836
TA-21184,1,5.9591705012714
TA-21191,1,6.13165816283948
TA-21196,1,18.2141406497777
TA-21197,1,53.6186242161549
