component_id,weight
C-0001,0.013
C-0002,0.005
C-0003,0.014
C-0004,0.014
C-0005,0.206
C-0006,0.083
C-0007,0.028
C-0008,0.032
C-0009,0.033
C-0010,0.01
C-0011,0.012
C-0012,0.788
C-0013,8.89
C-0014,0.339
C-0015,0.788
C-0016,1.172
C-0017,1.245
C-0018,1.863
C-0019,1.533
C-0020,0.07
C-0021,0.903
C-0022,0.103
C-0023,1.297
C-0024,0.509
C-0025,0.15
C-0026,0.032
C-0027,2.23
C-0028,1.633
C-0029,0.286
C-0030,0.914
C-0031,0.038
C-0032,4.485
C-0033,1.662
C-0034,0.424
C-0035,0.009
C-0036,1.85
C-0037,0.081
C-0038,0.169
C-0039,1.953
C-0040,1.693
C-0041,0.12
C-0042,0.357
C-0043,0.09
C-0044,0.182
C-0045,0.215
C-0046,0.38
C-0047,0.233
C-0048,0.006
C-0049,0.012
C-0050,0.015
C-0051,0.033
C-0052,0.041
C-0053,0.079
C-0054,0.18
C-0055,0.002
C-0056,0.004
C-0057,0.035
C-0058,0.006
C-0059,0.015
C-0060,0.042
C-0061,0.2
C-0062,1.85
C-0063,0.227
C-0064,0.952
C-0065,0.561
C-0066,0.614
C-0067,0.265
C-0068,NA
C-0069,0.216
C-0070,0.178
C-0071,0.08
C-0072,0.29
C-0073,0.537
C-0074,0.134
C-0075,1.09
C-0076,1.494
C-0077,0.066
C-0078,0.07
C-0079,3.09
C-0080,0.434
C-0081,0.02
C-0082,0.043
C-0083,2.093
C-0084,2.601
C-0085,0.079
C-0086,0.65
C-0087,7.26
C-0088,6.35
C-0089,0.06
C-0090,1.159
C-0091,0.164
C-0092,0.09
C-0093,0.332
C-0094,0.61
C-0095,0.046
C-0096,0.006
C-0097,0.027
C-0098,0.236
C-0099,0.219
C-0100,3.289
C-0101,0.01
C-0102,0.027
C-0103,1.457
C-0104,1.496
C-0105,9.6
C-0106,9.6
C-0107,0.682
C-0108,0.13
C-0109,0.063
C-0110,1.097
C-0111,0.1
C-0112,0.901
C-0113,3.416
C-0114,2.927
C-0115,0.43
C-0116,0.1
C-0117,0.081
C-0118,NA
C-0119,0.205
C-0120,0.029
C-0121,0.227
C-0122,0.08
C-0123,0.566
C-0124,0.143
C-0125,0.165
C-0126,0.162
C-0127,0.166
C-0128,0.158
C-0129,NA
C-0130,0.49
C-0131,0.825
C-0132,0.25
C-0133,0.142
C-0134,0.016
C-0135,1.5
C-0136,NA
C-0137,0.5
C-0138,0.56
C-0139,1.548
C-0140,0.28
C-0141,0.336
C-0142,0.19
C-0143,9.5
C-0144,0.061
C-0145,0.117
C-0146,0.127
C-0147,1.3
C-0148,0.375
C-0149,0.084
C-0150,0.105
C-0151,0.047
C-0152,4.987
C-0153,1.161
C-0154,0.972
C-0155,0.098
C-0156,1.251
C-0157,0.801
C-0158,0.097
C-0159,0.667
C-0160,1.004
C-0161,0.559
C-0162,2.725
C-0163,1.415
C-0164,0.179
C-0165,0.046
C-0166,0.11
C-0167,0.27
C-0168,0.418
C-0169,9.805
C-0170,0.09
C-0171,0.234
C-0172,0.191
C-0173,0.14
C-0174,2.07
C-0175,1.347
C-0176,0.476
C-0177,0.122
C-0178,0.511
C-0179,0.104
C-0180,0.144
C-0181,0.218
C-0182,0.269
C-0183,0.795
C-0184,0.323
C-0185,0.064
C-0186,0.024
C-0187,1.17
C-0188,1.5
C-0189,0.07
C-0190,1.035
C-0191,0.407
C-0192,1.433
C-0193,0.625
C-0194,4.1
C-0195,3
C-0196,5.7
C-0197,3.81
C-0198,2.82
C-0199,0.1
C-0200,0.223
C-0201,0.36
C-0202,0.278
C-0203,0.295
C-0204,0.088
C-0205,0.807
C-0206,1.603
C-0207,1.304
C-0208,0.023
C-0209,0.022
C-0210,0.211
C-0211,0.243
C-0212,0.633
C-0213,0.159
C-0214,0.059
C-0215,0.033
C-0216,0.034
C-0217,0.054
C-0218,0.082
C-0219,1.171
C-0220,0.97
C-0221,0.795
C-0222,9.456
C-0223,0.56
C-0224,0.28
C-0225,0.07
C-0226,0.06
C-0227,0.07
C-0228,0.06
C-0229,0.18
C-0230,0.216
C-0231,0.23
C-0232,0.073
C-0233,0.163
C-0234,0.15
C-0235,4.337
C-0236,0.036
C-0237,0.172
C-0238,1.121
C-0239,0.852
C-0240,0.195
C-0241,0.118
C-0242,0.08
C-0243,4.034
C-0244,2.127
C-0245,0.1
C-0246,0.08
C-0247,2.25
C-0248,0.248
C-0249,0.229
C-0250,2.46
C-0251,0.041
C-0252,0.025
C-0253,0.2
C-0254,0.486
C-0255,0.127
C-0256,0.597
C-0257,1.63
C-0258,0.192
C-0259,1.836
C-0260,0.186
C-0261,0.153
C-0262,0.158
C-0263,0.525
C-0264,0.525
C-0265,4.59
C-0266,4.308
C-0267,0.13
C-0268,2.91
C-0269,3.361
C-0270,0.037
C-0271,1.526
C-0272,0.104
C-0273,1.181
C-0274,0.378
C-0275,3.268
C-0276,4.59
C-0277,3.5
C-0278,0.015
C-0279,0.908
C-0280,0.614
C-0281,0.118
C-0282,NA
C-0283,0.108
C-0284,2.258
C-0285,5.307
C-0286,0.006
C-0287,0.01
C-0288,0.007
C-0289,1.12
C-0290,0.408
C-0291,0.559
C-0292,0.115
C-0293,0.15
C-0294,0.444
C-0295,0.53
C-0296,2.189
C-0297,1.165
C-0298,0.096
C-0299,0.331
C-0300,0.068
C-0301,1.64
C-0302,0.015
C-0303,2.179
C-0304,1.035
C-0305,0.459
C-0306,1.062
C-0307,1.05
C-0308,0.037
C-0309,0.001
C-0310,0.283
C-0311,0.578
C-0312,0.368
C-0313,1.169
C-0314,0.25
C-0315,0.203
C-0316,0.792
C-0317,0.776
C-0318,0.038
C-0319,0.778
C-0320,0.639
C-0321,0.02
C-0322,0.178
C-0323,1.6
C-0324,0.319
C-0325,1.44
C-0326,0.336
C-0327,7.304
C-0328,0.679
C-0329,6.8
C-0330,1
C-0331,6.245
C-0332,0.008
C-0333,0.136
C-0334,0.104
C-0335,0.09
C-0336,0.045
C-0337,0.022
C-0338,0.29
C-0339,0.32
C-0340,0.29
C-0341,0.067
C-0342,1.589
C-0343,0.813
C-0344,1.297
C-0345,0.04
C-0346,0.04
C-0347,0.002
C-0348,0.045
C-0349,2
C-0350,1
C-0351,2.16
C-0352,0.39
C-0353,0.326
C-0354,0.136
C-0355,1.2
C-0356,0.12
C-0357,0.55
C-0358,0.154
C-0359,1.044
C-0360,1.325
C-0361,0.005
C-0362,0.32
C-0363,0.175
C-0364,0.147
C-0365,0.125
C-0366,0.112
C-0367,1.093
C-0368,0.442
C-0369,0.253
C-0370,0.596
C-0371,0.842
C-0372,0.049
C-0373,0.105
C-0374,0.735
C-0375,0.019
C-0376,0.124
C-0377,0.064
C-0378,0.094
C-0379,3.7
C-0380,0.928
C-0381,3.855
C-0382,0.186
C-0383,2.892
C-0384,7.207
C-0385,0.732
C-0386,0.543
C-0387,0.939
C-0388,0.078
C-0389,0.15
C-0390,0.034
C-0391,0.009
C-0392,0.14
C-0393,0.06
C-0394,2.46
C-0395,0.05
C-0396,0.352
C-0397,0.004
C-0398,0.078
C-0399,0.169
C-0400,1.547
C-0401,1.095
C-0402,2.022
C-0403,2.59
C-0404,10.56
C-0405,0.05
C-0406,2.199
C-0407,2.38
C-0408,2.26
C-0409,0.15
C-0410,0.11
C-0411,0.034
C-0412,0.002
C-0413,0.04
C-0414,0.04
C-0415,0.05
C-0416,0.06
C-0417,0.231
C-0418,0.078
C-0419,0.231
C-0420,0.078
C-0421,0.288
C-0422,0.003
C-0423,0.16
C-0424,0.009
C-0425,0.005
C-0426,0.023
C-0427,0.001
C-0428,0.032
C-0429,0.015
C-0430,0.222
C-0431,0.21
C-0432,0.063
C-0433,NA
C-0434,0.191
C-0435,0.5
C-0436,0.5
C-0437,NA
C-0438,NA
C-0439,NA
C-0440,1.134
C-0441,NA
C-0442,0.395
C-0443,NA
C-0444,0.111
C-0445,0.02
C-0446,0.408
C-0447,0.232
C-0448,0.032
C-0449,0.006
C-0450,0.496
C-0451,0.693
C-0452,0.94
C-0453,1.094
C-0454,0.59
C-0455,0.525
C-0456,0.175
C-0457,0.14
C-0458,0.158
C-0459,0.175
C-0460,0.21
C-0461,0.403
C-0462,0.28
C-0463,0.613
C-0464,2.041
C-0465,1.347
C-0466,0.482
C-0467,0.01
C-0468,0.09
C-0469,0.068
C-0470,3.859
C-0471,NA
C-0472,7.5
C-0473,0.084
C-0474,0.054
C-0475,0.05
C-0476,0.599
C-0477,0.045
C-0478,0.05
C-0479,0.06
C-0480,NA
C-0481,NA
C-0482,NA
C-0483,0.08
C-0484,0.502
C-0485,0.32
C-0486,0.114
C-0487,0.669
C-0488,0.702
C-0489,0.91
C-0490,0.026
C-0491,0.127
C-0492,0.154
C-0493,0.015
C-0494,0.23
C-0495,0.083
C-0496,0.284
C-0497,0.052
C-0498,0.172
C-0499,0.082
C-0500,0.207
C-0501,3.655
C-0502,0.269
C-0503,0.525
C-0504,0.112
C-0505,0.539
C-0506,0.093
C-0507,NA
C-0508,1.144
C-0509,0.345
C-0510,0.3
C-0511,0.225
C-0512,0.18
C-0513,2.14
C-0514,NA
C-0515,0.019
C-0516,1.015
C-0517,0.031
C-0518,0.04
C-0519,0.077
C-0520,0.021
C-0521,0.663
C-0522,0.022
C-0523,NA
C-0524,0.36
C-0525,2
C-0526,0.544
C-0527,1.903
C-0528,0.03
C-0529,0.19
C-0530,0.04
C-0531,0.096
C-0532,0.229
C-0533,0.026
C-0534,0.217
C-0535,0.181
C-0536,0.16
C-0537,0.42
C-0538,0.91
C-0539,0.003
C-0540,0.251
C-0541,0.512
C-0542,0.756
C-0543,0.224
C-0544,0.129
C-0545,0.057
C-0546,1.201
C-0547,0.012
C-0548,0.059
C-0549,0.059
C-0550,0.404
C-0551,0.442
C-0552,0.177
C-0553,5.724
C-0554,2.377
C-0555,1.612
C-0556,0.059
C-0557,1.178
C-0558,0.171
C-0559,0.034
C-0560,0.082
C-0561,1.044
C-0562,0.173
C-0563,0.406
C-0564,4.312
C-0565,1.05
C-0566,1.4
C-0567,1.52
C-0568,1.469
C-0569,0.037
C-0570,0.008
C-0571,0.896
C-0572,0.447
C-0573,0.192
C-0574,0.423
C-0575,0.075
C-0576,0.019
C-0577,0.157
C-0578,0.025
C-0579,0.157
C-0580,0.109
C-0581,0.123
C-0582,0.196
C-0583,0.101
C-0584,0.712
C-0585,0.551
C-0586,0.614
C-0587,3.207
C-0588,0.62
C-0589,0.157
C-0590,0.279
C-0591,0.161
C-0592,1.218
C-0593,0.372
C-0594,0.458
C-0595,0.93
C-0596,0.055
C-0597,0.206
C-0598,0.687
C-0599,0.447
C-0600,0.529
C-0601,0.424
C-0602,0.752
C-0603,0.33
C-0604,0.204
C-0605,0.358
C-0606,0.129
C-0607,0.5
C-0608,2.22
C-0609,0.101
C-0610,0.516
C-0611,0.851
C-0612,4.076
C-0613,2.46
C-0614,0.599
C-0615,0.712
C-0616,0.699
C-0617,0.17
C-0618,0.955
C-0619,1.455
C-0620,0.023
C-0621,0.56
C-0622,0.435
C-0623,0.021
C-0624,0.06
C-0625,1.845
C-0626,0.15
C-0627,0.294
C-0628,0.5
C-0629,0.21
C-0630,0.177
C-0631,2.481
C-0632,1.368
C-0633,0.107
C-0634,0.236
C-0635,9.57
C-0636,0.094
C-0637,3.225
C-0638,0.401
C-0639,0.927
C-0640,0.123
C-0641,0.304
C-0642,0.846
C-0643,3.361
C-0644,0.117
C-0645,0.226
C-0646,10.19
C-0647,0.922
C-0648,0.552
C-0649,1.349
C-0650,0.413
C-0651,0.968
C-0652,0.955
C-0653,0.061
C-0654,0.663
C-0655,0.162
C-0656,0.068
C-0657,0.182
C-0658,0.17
C-0659,0.441
C-0660,0.567
C-0661,0.024
C-0662,0.102
C-0663,3.771
C-0664,0.619
C-0665,1.225
C-0666,2.716
C-0667,NA
C-0668,1.028
C-0669,0.369
C-0670,0.208
C-0671,0.194
C-0672,0.277
C-0673,0.844
C-0674,0.324
C-0675,0.323
C-0676,0.56
C-0677,0.156
C-0678,0.112
C-0679,0.474
C-0680,1.265
C-0681,0.096
C-0682,1.258
C-0683,0.134
C-0684,0.009
C-0685,0.167
C-0686,0.119
C-0687,6.804
C-0688,2.651
C-0689,2.053
C-0690,0.692
C-0691,0.273
C-0692,0.109
C-0693,0.189
C-0694,0.799
C-0695,2.977
C-0696,0.176
C-0697,0.014
C-0698,0.229
C-0699,0.044
C-0700,0.265
C-0701,0.194
C-0702,0.497
C-0703,0.15
C-0704,0.28
C-0705,0.2
C-0706,1.403
C-0707,5.542
C-0708,0.815
C-0709,0.085
C-0710,1.303
C-0711,0.493
C-0712,0.184
C-0713,0.222
C-0714,0.915
C-0715,0.131
C-0716,2.259
C-0717,0.34
C-0718,0.021
C-0719,0.125
C-0720,0.222
C-0721,2.719
C-0722,0.72
C-0723,0.076
C-0724,0.32
C-0725,0.013
C-0726,1.327
C-0727,2.839
C-0728,1.009
C-0729,0.631
C-0730,0.363
C-0731,1.722
C-0732,0.256
C-0733,NA
C-0734,1.26
C-0735,0.004
C-0736,1.519
C-0737,3
C-0738,0.442
C-0739,0.258
C-0740,0.123
C-0741,0.14
C-0742,0.243
C-0743,0.063
C-0744,0.195
C-0745,0.254
C-0746,0.24
C-0747,0.224
C-0748,0.187
C-0749,0.106
C-0750,0.191
C-0751,0.68
C-0752,0.941
C-0753,0.282
C-0754,0.417
C-0755,2.62
C-0756,0.689
C-0757,0.25
C-0758,2.011
C-0759,0.022
C-0760,0.009
C-0761,1.372
C-0762,0.453
C-0763,6.679
C-0764,1.42
C-0765,0.323
C-0766,0.432
C-0767,0.224
C-0768,0.539
C-0769,0.138
C-0770,0.987
C-0771,1.086
C-0772,1.938
C-0773,2.316
C-0774,0.062
C-0775,0.111
C-0776,0.178
C-0777,0.685
C-0778,0.265
C-0779,0.37
C-0780,0.577
C-0781,2.254
C-0782,0.788
C-0783,1.303
C-0784,0.1
C-0785,0.277
C-0786,7.352
C-0787,0.07
C-0788,4.134
C-0789,2.319
C-0790,0.68
C-0791,0.034
C-0792,2.52
C-0793,3.815
C-0794,12.03
C-0795,0.68
C-0796,0.987
C-0797,1.983
C-0798,0.198
C-0799,1.343
C-0800,0.024
C-0801,0.122
C-0802,1.418
C-0803,0.463
C-0804,2.805
C-0805,1.125
C-0806,1.007
C-0807,0.646
C-0808,1.545
C-0809,0.062
C-0810,2.532
C-0811,NA
C-0812,0.85
C-0813,0.001
C-0814,NA
C-0815,NA
C-0816,0.071
C-0817,0.069
C-0818,0.081
C-0819,0.272
C-0820,1.95
C-0821,1.982
C-0822,0.7
C-0823,0.014
C-0824,0.045
C-0825,0.151
C-0826,0.182
C-0827,0.03
C-0828,0.036
C-0829,0.32
C-0830,0.027
C-0831,0.255
C-0832,0.681
C-0833,0.136
C-0834,NA
C-0835,0.226
C-0836,NA
C-0837,0.059
C-0838,0.04
C-0839,1.648
C-0840,2.447
C-0841,0.725
C-0842,NA
C-0843,0.11
C-0844,0.145
C-0845,4.812
C-0846,0.4
C-0847,NA
C-0848,1.361
C-0849,0.237
C-0850,0.7
C-0851,1.8
C-0852,0.047
C-0853,0.509
C-0854,0.041
C-0855,0.002
C-0856,0.068
C-0857,0.396
C-0858,0.983
C-0859,1.782
C-0860,0.018
C-0861,0.005
C-0862,0.278
C-0863,2.178
C-0864,0.018
C-0865,0.019
C-0866,0.019
C-0867,0.025
C-0868,0.022
C-0869,1.112
C-0870,1.232
C-0871,0.566
C-0872,0.01
C-0873,0.01
C-0874,0.001
C-0875,0.765
C-0876,7.92
C-0877,0.01
C-0878,0.025
C-0879,0.117
C-0880,4.378
C-0881,3.713
C-0882,1.05
C-0883,0.08
C-0884,0.033
C-0885,1.23
C-0886,1.09
C-0887,0.9
C-0888,0.785
C-0889,0.016
C-0890,0.41
C-0891,0.465
C-0892,0.055
C-0893,0.31
C-0894,0.156
C-0895,0.397
C-0896,0.028
C-0897,0.241
C-0898,0.005
C-0899,0.426
C-0900,0.456
C-0901,0.015
C-0902,5.457
C-0903,0.528
C-0904,0.668
C-0905,0.21
C-0906,0.087
C-0907,0.02
C-0908,0.16
C-0909,0.034
C-0910,2.543
C-0911,0.201
C-0912,0.458
C-0913,0.1
C-0914,0.101
C-0915,0.006
C-0916,2.74
C-0917,0.286
C-0918,0.53
C-0919,NA
C-0920,0.077
C-0921,0.111
C-0922,0.003
C-0923,0.102
C-0924,0.102
C-0925,0.018
C-0926,0.18
C-0927,0.765
C-0928,0.048
C-0929,0.019
C-0930,0.122
C-0931,5.202
C-0932,0.079
C-0933,1.207
C-0934,0.701
C-0935,0.015
C-0936,0.015
C-0937,0.134
C-0938,0.351
C-0939,0.77
C-0940,0.851
C-0941,0.81
C-0942,0.665
C-0943,1.156
C-0944,0.493
C-0945,0.225
C-0946,1.022
C-0947,0.204
C-0948,0.284
C-0949,0.176
C-0950,0.306
C-0951,0.203
C-0952,0.213
C-0953,0.144
C-0954,0.567
C-0955,0.623
C-0956,0.695
C-0957,0.127
C-0958,0.095
C-0959,0.748
C-0960,0.691
C-0961,0.412
C-0962,0.55
C-0963,0.755
C-0964,0.065
C-0965,0.5
C-0966,1.535
C-0967,1.138
C-0968,6.596
C-0969,0.284
C-0970,0.001
C-0971,0.545
C-0972,1.14
C-0973,0.095
C-0974,1.17
C-0975,0.18
C-0976,0.963
C-0977,0.288
C-0978,1.98
C-0979,0.104
C-0980,0.841
C-0981,0.524
C-0982,0.577
C-0983,4.405
C-0984,4.427
C-0985,2.227
C-0986,0.3
C-0987,0.48
C-0988,0.355
C-0989,4.073
C-0990,1.75
C-0991,0.813
C-0992,1.05
C-0993,0.499
C-0994,0.877
C-0995,1.253
C-0996,1.074
C-0997,5.098
C-0998,6.195
C-0999,1.356
C-1000,0.293
C-1001,0.263
C-1002,0.266
C-1003,NA
C-1004,0.7
C-1005,1.184
C-1006,2.394
C-1007,0.432
C-1008,0.329
C-1009,1.5
C-1010,0.333
C-1011,1.607
C-1012,0.286
C-1013,0.364
C-1014,1.352
C-1015,0.666
C-1016,0.298
C-1017,0.028
C-1018,0.074
C-1019,0.005
C-1020,2.415
C-1021,0.086
C-1022,0.008
C-1023,0.223
C-1024,1.316
C-1025,0.997
C-1026,1.559
C-1027,0.326
C-1028,1.118
C-1029,0.411
C-1030,0.803
C-1031,0.807
C-1032,0.489
C-1033,0.394
C-1034,4.57
C-1035,0.017
C-1036,1.034
C-1037,0.043
C-1038,0.288
C-1039,0.052
C-1040,0.001
C-1041,0.065
C-1042,0.003
C-1043,0.196
C-1044,0.001
C-1045,0.01
C-1046,4.814
C-1047,0.094
C-1048,0.438
C-1049,1.182
C-1050,12.9
C-1051,3.514
C-1052,0.812
C-1053,1.65
C-1054,0.467
C-1055,0.208
C-1056,0.031
C-1057,2.619
C-1058,0.014
C-1059,0.052
C-1060,0.033
C-1061,0.219
C-1062,0.831
C-1063,0.829
C-1064,5.928
C-1065,1.494
C-1066,9.693
C-1067,0.005
C-1068,0.245
C-1069,5.36
C-1070,0.97
C-1071,0.165
C-1072,0.097
C-1073,0.031
C-1074,0.006
C-1075,0.354
C-1076,3.4
C-1077,1.169
C-1078,0.016
C-1079,0.877
C-1080,0.592
C-1081,0.056
C-1082,1.954
C-1083,1.693
C-1084,0.602
C-1085,0.129
C-1086,0.4
C-1087,2.786
C-1088,3.043
C-1089,0.037
C-1090,0.421
C-1091,0.092
C-1092,0.238
C-1093,0.613
C-1094,0.619
C-1095,9.97
C-1096,2.565
C-1097,0.594
C-1098,0.046
C-1099,0.525
C-1100,0.256
C-1101,0.264
C-1102,4.06
C-1103,0.227
C-1104,0.312
C-1105,0.111
C-1106,0.999
C-1107,1.337
C-1108,4.383
C-1109,0.873
C-1110,0.072
C-1111,0.226
C-1112,0.146
C-1113,0.249
C-1114,4.585
C-1115,1.97
C-1116,0.15
C-1117,0.523
C-1118,0.027
C-1119,0.696
C-1120,0.925
C-1121,0.49
C-1122,0.461
C-1123,0.149
C-1124,0.08
C-1125,6
C-1126,0.249
C-1127,0.075
C-1128,1.561
C-1129,1.255
C-1130,0.294
C-1131,6.068
C-1132,0.036
C-1133,0.3
C-1134,0.854
C-1135,1.88
C-1136,NA
C-1137,0.724
C-1138,0.639
C-1139,0.206
C-1140,0.058
C-1141,0.41
C-1142,0.612
C-1143,0.057
C-1144,0.093
C-1145,0.07
C-1146,0.046
C-1147,0.018
C-1148,0.537
C-1149,0.783
C-1150,0.055
C-1151,0.054
C-1152,0.675
C-1153,0.042
C-1154,1.137
C-1155,1.806
C-1156,1.048
C-1157,1.558
C-1158,0.106
C-1159,0.287
C-1160,0.237
C-1161,0.321
C-1162,0.239
C-1163,0.354
C-1164,0.778
C-1165,1.427
C-1166,0.131
C-1167,0.119
C-1168,0.373
C-1169,0.512
C-1170,0.048
C-1171,0.149
C-1172,0.246
C-1173,0.175
C-1174,0.812
C-1175,0.462
C-1176,0.995
C-1177,0.741
C-1178,2.67
C-1179,4.245
C-1180,0.459
C-1181,0.28
C-1182,0.555
C-1183,1.482
C-1184,2.634
C-1185,2.443
C-1186,0.259
C-1187,0.955
C-1188,0.615
C-1189,0.176
C-1190,0.375
C-1191,3.365
C-1192,NA
C-1193,NA
C-1194,0.014
C-1195,0.031
C-1196,0.095
C-1197,0.091
C-1198,0.181
C-1199,0.023
C-1200,0.025
C-1201,0.026
C-1202,0.045
C-1203,1.835
C-1204,1.46
C-1205,0.023
C-1206,0.005
C-1207,0.172
C-1208,0.68
C-1209,0.096
C-1210,0.976
C-1211,0.175
C-1212,1.815
C-1213,0.001
C-1214,0.001
C-1215,0.005
C-1216,0.005
C-1217,0.077
C-1218,0.15
C-1219,0.14
C-1220,0.275
C-1221,0.16
C-1222,0.018
C-1223,0.008
C-1224,0.081
C-1225,NA
C-1226,0.021
C-1227,0.002
C-1228,0.001
C-1229,0.009
C-1230,0.009
C-1231,0.015
C-1232,0.032
C-1233,0.058
C-1234,0.533
C-1235,0.562
C-1236,0.771
C-1237,0.409
C-1238,0.083
C-1239,0.499
C-1240,0.1
C-1241,0.074
C-1242,0.233
C-1243,0.019
C-1244,0.005
C-1245,0.223
C-1246,0.001
C-1247,0.636
C-1248,0.018
C-1249,0.087
C-1250,0.073
C-1251,0.502
C-1252,NA
C-1253,0.094
C-1254,0.2
C-1255,0.69
C-1256,0.14
C-1257,0.06
C-1258,0.075
C-1259,0.215
C-1260,0.08
C-1261,0.077
C-1262,0.907
C-1263,4.633
C-1264,0.209
C-1265,3.13
C-1266,2.102
C-1267,0.173
C-1268,0.022
C-1269,1.463
C-1270,0.198
C-1271,0.205
C-1272,3.353
C-1273,0.095
C-1274,0.115
C-1275,0.582
C-1276,0.706
C-1277,0.232
C-1278,2.871
C-1279,0.059
C-1280,0.11
C-1281,1.889
C-1282,1.132
C-1283,3.207
C-1284,0.725
C-1285,1.219
C-1286,0.599
C-1287,2.015
C-1288,0.698
C-1289,0.699
C-1290,13.77
C-1291,6.927
C-1292,6.259
C-1293,0.112
C-1294,0.19
C-1295,0.571
C-1296,0.719
C-1297,1.554
C-1298,0.576
C-1299,0.026
C-1300,1.734
C-1301,1.811
C-1302,0.376
C-1303,1.763
C-1304,2.316
C-1305,0.241
C-1306,0.148
C-1307,0.17
C-1308,0.454
C-1309,0.26
C-1310,0.012
C-1311,0.005
C-1312,0.009
C-1313,0.01
C-1314,0.405
C-1315,NA
C-1316,0.021
C-1317,0.566
C-1318,NA
C-1319,0.152
C-1320,0.011
C-1321,0.402
C-1322,0.074
C-1323,0.005
C-1324,0.189
C-1325,0.005
C-1326,0.419
C-1327,1.225
C-1328,0.383
C-1329,0.346
C-1330,0.242
C-1331,2.192
C-1332,0.012
C-1333,1.286
C-1334,1.923
C-1335,2.821
C-1336,1.88
C-1337,1.806
C-1338,0.146
C-1339,0.521
C-1340,0.146
C-1341,0.001
C-1342,0.098
C-1343,0.059
C-1344,0.136
C-1345,0.332
C-1346,0.131
C-1347,0.59
C-1348,0.654
C-1349,0.636
C-1350,0.635
C-1351,0.174
C-1352,2.56
C-1353,0.569
C-1354,0.2
C-1355,0.033
C-1356,0.025
C-1357,0.62
C-1358,NA
C-1359,0.025
C-1360,NA
C-1361,NA
C-1362,NA
C-1363,NA
C-1364,NA
C-1365,0.104
C-1366,1.64
C-1367,0.155
C-1368,0.093
C-1369,0.003
C-1370,0.598
C-1371,0.758
C-1372,0.1
C-1373,0.118
C-1374,0.023
C-1375,0.041
C-1376,0.164
C-1377,0.454
C-1378,0.47
C-1379,0.025
C-1380,0.29
C-1381,0.033
C-1382,0.025
C-1383,0.009
C-1384,0.074
C-1385,0.014
C-1386,0.005
C-1387,0.13
C-1388,2.6
C-1389,0.546
C-1390,0.494
C-1391,0.75
C-1392,0.077
C-1393,0.37
C-1394,0.209
C-1395,NA
C-1396,NA
C-1397,0.011
C-1398,0.56
C-1399,0.15
C-1400,0.332
C-1401,0.085
C-1402,1.2
C-1403,0.003
C-1404,1.2
C-1405,1.053
C-1406,0.148
C-1407,NA
C-1408,0.24
C-1409,1
C-1410,0.005
C-1411,0.057
C-1412,1.327
C-1413,1.45
C-1414,0.091
C-1415,0.127
C-1416,0.01
C-1417,0.034
C-1418,0.11
C-1419,1.107
C-1420,0.009
C-1421,0.046
C-1422,0.279
C-1423,0.17
C-1424,0.495
C-1425,0.085
C-1426,0.071
C-1427,0.586
C-1428,0.475
C-1429,0.726
C-1430,0.34
C-1431,0.1
C-1432,1.606
C-1433,0.614
C-1434,0.35
C-1435,0.023
C-1436,0.021
C-1437,1.36
C-1438,0.019
C-1439,0.045
C-1440,1.171
C-1441,0.106
C-1442,0.343
C-1443,0.09
C-1444,2.021
C-1445,0.363
C-1446,1.273
C-1447,0.429
C-1448,0.465
C-1449,0.42
C-1450,1.213
C-1451,0.35
C-1452,0.276
C-1453,0.389
C-1454,1.414
C-1455,2.072
C-1456,2.465
C-1457,1.449
C-1458,1.993
C-1459,1.354
C-1460,1.23
C-1461,0.851
C-1462,2.067
C-1463,1.725
C-1464,1.373
C-1465,1.811
C-1466,0.079
C-1467,0.765
C-1468,0.128
C-1469,0.047
C-1470,0.099
C-1471,0.784
C-1472,NA
C-1473,NA
C-1474,0.022
C-1475,0.031
C-1476,0.032
C-1477,NA
C-1478,0.05
C-1479,0.061
C-1480,0.059
C-1481,0.058
C-1482,0.14
C-1483,NA
C-1484,0.907
C-1485,0.009
C-1486,NA
C-1487,1.529
C-1488,1.426
C-1489,0.04
C-1490,1
C-1491,0.03
C-1492,0.091
C-1493,0.09
C-1494,0.119
C-1495,0.106
C-1496,1.023
C-1497,0.103
C-1498,0.093
C-1499,2
C-1500,3.62
C-1501,1.2
C-1502,0.418
C-1503,0.455
C-1504,0.826
C-1505,0.045
C-1506,0.021
C-1507,0.15
C-1508,0.1
C-1509,0.2
C-1510,0.19
C-1511,0.035
C-1512,0.163
C-1513,NA
C-1514,1.5
C-1515,0.301
C-1516,2.225
C-1517,0.09
C-1518,0.2
C-1519,0.723
C-1520,0.6
C-1521,1.298
C-1522,2.372
C-1523,0.038
C-1524,0.339
C-1525,0.055
C-1526,0.102
C-1527,0.631
C-1528,0.28
C-1529,0.122
C-1530,0.067
C-1531,5
C-1532,0.291
C-1533,0.014
C-1534,0.654
C-1535,0.052
C-1536,0.052
C-1537,0.084
C-1538,0.454
C-1539,0.363
C-1540,0.059
C-1541,0.148
C-1542,0.272
C-1543,0.227
C-1544,0.133
C-1545,0.244
C-1546,0.026
C-1547,0.091
C-1548,0.363
C-1549,0.12
C-1550,0.236
C-1551,0.136
C-1552,0.354
C-1553,0.176
C-1554,0.045
C-1555,0.09
C-1556,4.175
C-1557,0.091
C-1558,2.95
C-1559,2.219
C-1560,6.9
C-1561,0.054
C-1562,NA
C-1563,0.037
C-1564,0.197
C-1565,0.169
C-1566,0.69
C-1567,0.022
C-1568,1
C-1569,NA
C-1570,NA
C-1571,1.2
C-1572,NA
C-1573,NA
C-1574,0.098
C-1575,1.44
C-1576,0.723
C-1577,0.091
C-1578,0.091
C-1579,0.114
C-1580,0.021
C-1581,3.433
C-1582,0.004
C-1583,0.256
C-1584,0.516
C-1585,0.064
C-1586,0.093
C-1587,0.145
C-1588,0.225
C-1589,0.25
C-1590,1.966
C-1591,0.514
C-1592,0.735
C-1593,0.136
C-1594,0.469
C-1595,0.03
C-1596,NA
C-1597,0.031
C-1598,1.154
C-1599,1.193
C-1600,1.338
C-1601,1.421
C-1602,1.659
C-1603,1.641
C-1604,1.564
C-1605,1.672
C-1606,1.715
C-1607,2.237
C-1608,2.653
C-1609,2.535
C-1610,2.35
C-1611,4.86
C-1612,4.448
C-1613,3.939
C-1614,2.35
C-1615,2.183
C-1616,0.799
C-1617,1.845
C-1618,0.001
C-1619,0.001
C-1620,0.016
C-1621,0.015
C-1622,0.036
C-1623,0.044
C-1624,0.035
C-1625,0.129
C-1626,0.154
C-1627,0.005
C-1628,0.006
C-1629,0.012
C-1630,0.018
C-1631,0.026
C-1632,0.033
C-1633,0.04
C-1634,0.06
C-1635,0.025
C-1636,1.33
C-1637,0.03
C-1638,0.04
C-1639,0.05
C-1640,0.104
C-1641,0.149
C-1642,0.225
C-1643,0.06
C-1644,0.16
C-1645,0.02
C-1646,0.04
C-1647,0.05
C-1648,0.097
C-1649,0.22
C-1650,0.05
C-1651,NA
C-1652,0.045
C-1653,0.03
C-1654,0.029
C-1655,0.025
C-1656,0.023
C-1657,0.02
C-1658,0.021
C-1659,0.019
C-1660,0.012
C-1661,0.005
C-1662,0.038
C-1663,0.4
C-1664,1.046
C-1665,0.685
C-1666,1.719
C-1667,0.072
C-1668,1.33
C-1669,0.002
C-1670,0.079
C-1671,0.005
C-1672,0.003
C-1673,0.187
C-1674,0.035
C-1675,NA
C-1676,NA
C-1677,0.024
C-1678,0.07
C-1679,0.01
C-1680,0.28
C-1681,0.142
C-1682,1.095
C-1683,0.424
C-1684,NA
C-1685,1.167
C-1686,0.666
C-1687,1.579
C-1688,0.044
C-1689,0.124
C-1690,0.66
C-1691,0.78
C-1692,0.03
C-1693,0.017
C-1694,0.2
C-1695,NA
C-1696,0.142
C-1697,0.066
C-1698,0.073
C-1699,0.083
C-1700,0.42
C-1701,0.219
C-1702,0.389
C-1703,0.059
C-1704,0.212
C-1705,1.31
C-1706,1.413
C-1707,0.182
C-1708,0.052
C-1709,0.052
C-1710,0.109
C-1711,0.045
C-1712,0.331
C-1713,0.26
C-1714,0.136
C-1715,0.059
C-1716,0.091
C-1717,0.243
C-1718,0.136
C-1719,0.165
C-1720,0.135
C-1721,0.34
C-1722,0.045
C-1723,0.183
C-1724,0.045
C-1725,0.24
C-1726,0.881
C-1727,0.141
C-1728,0.318
C-1729,0.223
C-1730,0.129
C-1731,NA
C-1732,0.045
C-1733,0.245
C-1734,0.327
C-1735,0.15
C-1736,0.045
C-1737,0.001
C-1738,2.315
C-1739,0.107
C-1740,0.084
C-1741,0.749
C-1742,0.045
C-1743,0.045
C-1744,0.454
C-1745,0.072
C-1746,1.585
C-1747,1.424
C-1748,0.001
C-1749,0.07
C-1750,0.067
C-1751,0.508
C-1752,0.67
C-1753,1.8
C-1754,0.5
C-1755,0.831
C-1756,0.025
C-1757,0.4
C-1758,0.168
C-1759,1.232
C-1760,0.124
C-1761,0.078
C-1762,2.237
C-1763,1.013
C-1764,0.009
C-1765,0.706
C-1766,0.113
C-1767,0.28
C-1768,0.783
C-1769,1.662
C-1770,0.719
C-1771,0.623
C-1772,1.239
C-1773,1.313
C-1774,3.536
C-1775,0.355
C-1776,0.327
C-1777,0.2
C-1778,0.37
C-1779,0.38
C-1780,0.06
C-1781,0.17
C-1782,0.775
C-1783,1.316
C-1784,1.562
C-1785,0.243
C-1786,1.864
C-1787,1.53
C-1788,1.065
C-1789,0.047
C-1790,0.511
C-1791,0.081
C-1792,0.371
C-1793,0.101
C-1794,0.045
C-1795,0.65
C-1796,1.453
C-1797,0.239
C-1798,0.18
C-1799,0.01
C-1800,0.853
C-1801,0.597
C-1802,0.125
C-1803,4.07
C-1804,0.977
C-1805,0.87
C-1806,0.661
C-1807,0.428
C-1808,0.348
C-1809,2.184
C-1810,0.25
C-1811,0.95
C-1812,0.091
C-1813,0.014
C-1814,0.001
C-1815,0.005
C-1816,1.1
C-1817,0.014
C-1818,0.016
C-1819,1.123
C-1820,0.45
C-1821,0.45
C-1822,0.123
C-1823,0.441
C-1824,0.749
C-1825,0.445
C-1826,0.93
C-1827,0.01
C-1828,0.181
C-1829,1.588
C-1830,1.135
C-1831,0.018
C-1832,0.146
C-1833,0.223
C-1834,0.575
C-1835,0.02
C-1836,0.113
C-1837,0.105
C-1838,0.376
C-1839,0.055
C-1840,0.181
C-1841,0.136
C-1842,1.816
C-1843,0.367
C-1844,0.001
C-1845,0.012
C-1846,0.002
C-1847,0.158
C-1848,0.083
C-1849,0.168
C-1850,0.219
C-1851,0.094
C-1852,0.009
C-1853,0.451
C-1854,0.305
C-1855,0.1
C-1856,1
C-1857,NA
C-1858,0.021
C-1859,0.55
C-1860,0.18
C-1861,0.002
C-1862,0.091
C-1863,0.513
C-1864,0.091
C-1865,1.953
C-1866,0.035
C-1867,0.222
C-1868,0.226
C-1869,0.123
C-1870,0.06
C-1871,1.34
C-1872,0.568
C-1873,0.03
C-1874,0.016
C-1875,0.025
C-1876,0.038
C-1877,0.525
C-1878,0.02
C-1879,0.04
C-1880,0.799
C-1881,0.974
C-1882,1.435
C-1883,1.316
C-1884,0.716
C-1885,0.045
C-1886,1.073
C-1887,1.026
C-1888,0.326
C-1889,0.075
C-1890,1.487
C-1891,0.009
C-1892,0.326
C-1893,1.009
C-1894,0.166
C-1895,0.632
C-1896,0.905
C-1897,0.212
C-1898,0.022
C-1899,5.79
C-1900,0.469
C-1901,0.791
C-1902,0.185
C-1903,0.235
C-1904,1.674
C-1905,3.25
C-1906,0.35
C-1907,0.39
C-1908,0.243
C-1909,0.24
C-1910,0.297
C-1911,0.274
C-1912,0.135
C-1913,0.405
C-1914,0.567
C-1915,NA
C-1916,NA
C-1917,0.05
C-1918,1.86
C-1919,1.96
C-1920,0.15
C-1921,1.042
C-1922,1
C-1923,0.773
C-1924,0.09
C-1925,0.197
C-1926,0.188
C-1927,0.07
C-1928,0.079
C-1929,0.257
C-1930,0.26
C-1931,2.67
C-1932,0.336
C-1933,0.451
C-1934,0.45
C-1935,1.766
C-1936,0.158
C-1937,0.004
C-1938,0.862
C-1939,0.098
C-1940,0.005
C-1941,0.035
C-1942,0.1
C-1943,0.288
C-1944,0.091
C-1945,0.091
C-1946,0.527
C-1947,1.271
C-1948,1.062
C-1949,NA
C-1950,0.045
C-1951,0.975
C-1952,0.045
C-1953,0.1
C-1954,0.068
C-1955,0.5
C-1956,0.066
C-1957,1.179
C-1958,0.52
C-1959,NA
C-1960,0.227
C-1961,0.195
C-1962,0.071
C-1963,0.05
C-1964,0.04
C-1965,0.11
C-1966,0.126
C-1967,0.085
C-1968,0.059
C-1969,0.09
C-1970,0.032
C-1971,0.044
C-1972,0.024
C-1973,0.05
C-1974,2.375
C-1975,0.005
C-1976,0.168
C-1977,0.005
C-1978,0.03
C-1979,0.117
C-1980,0.084
C-1981,0.263
C-1982,0.025
C-1983,1.2
C-1984,0.15
C-1985,0.153
C-1986,0.741
C-1987,0.47
C-1988,0.055
C-1989,1.897
C-1990,0.2
C-1991,2
C-1992,1.1
C-1993,0.221
C-1994,0.125
C-1995,0.478
C-1996,0.275
C-1997,1.094
C-1998,0.09
C-1999,0.079
C-2000,2.135
C-2001,0.855
C-2002,0.35
C-2003,0.525
C-2004,0.125
C-2005,0.326
C-2006,0.35
C-2007,0.274
C-2008,0.125
C-2009,0.709
C-2010,1.78
C-2011,0.211
C-2012,0.279
C-2013,0.22
C-2014,0.24
C-2015,1.734
C-2016,1.876
C-2017,0.84
C-2018,1.327
C-2019,1.44
C-2020,1.574
C-2021,1.678
C-2022,2.748
C-2023,1.621
C-2024,0.975
C-2025,0.153
C-2026,0.128
C-2027,0.096
C-2028,0.052
C-2029,0.034
C-2030,0.023
C-2031,6.049
C-2032,0.495
C-2033,0.475
C-2034,0.188
C-2035,0.001
C-2036,0.001
C-2037,0.001
C-2038,0.048
C-2039,NA
C-2040,NA
C-2041,NA
C-2042,0.002
C-2043,0.2
C-2044,0.74
C-2045,0.74
C-2046,1.2
C-2047,0.026
